ID,Name,Gender,Age,Height (cm),Weight (kg),Team,NOC,Games,Year,Season,City,Sport,Event,Medal
16,Juhamatti Tapio Aaltonen,M,28,184,85,Finland,FIN,2014 Winter,2014,Winter,Sochi,Ice Hockey,Ice Hockey Men's Ice Hockey,Bronze
145,Jeremy Abbott,M,28,175,70,United States,USA,2014 Winter,2014,Winter,Sochi,Figure Skating,Figure Skating Mixed Team,Bronze
840,"Victoria ""Vicki"" Adams",F,24,164,69,Great Britain,GBR,2014 Winter,2014,Winter,Sochi,Curling,Curling Women's Curling,Bronze
1181,Meghan Christina Agosta (-Marciano),F,26,168,67,Canada,CAN,2014 Winter,2014,Winter,Sochi,Ice Hockey,Ice Hockey Women's Ice Hockey,Gold
2639,Hans Daniel Alfredsson,M,41,182,92,Sweden,SWE,2014 Winter,2014,Winter,Sochi,Ice Hockey,Ice Hockey Men's Ice Hockey,Silver
3108,Livia Altmann,F,19,165,64,Switzerland,SUI,2014 Winter,2014,Winter,Sochi,Ice Hockey,Ice Hockey Women's Ice Hockey,Bronze
3150,"Eduardo C. ""Eddy"" Alvarez",M,24,175,72,United States,USA,2014 Winter,2014,Winter,Sochi,Short Track Speed Skating,Short Track Speed Skating Men's 5 000 metres Relay,Silver
3604,Viktor An,M,28,170,65,Russia,RUS,2014 Winter,2014,Winter,Sochi,Short Track Speed Skating,Short Track Speed Skating Men's 500 metres,Gold
3604,Viktor An,M,28,170,65,Russia,RUS,2014 Winter,2014,Winter,Sochi,Short Track Speed Skating,Short Track Speed Skating Men's 1 000 metres,Gold
3604,Viktor An,M,28,170,65,Russia,RUS,2014 Winter,2014,Winter,Sochi,Short Track Speed Skating,Short Track Speed Skating Men's 1 500 metres,Bronze
3604,Viktor An,M,28,170,65,Russia,RUS,2014 Winter,2014,Winter,Sochi,Short Track Speed Skating,Short Track Speed Skating Men's 5 000 metres Relay,Gold
3823,Jamie Louise Anderson,F,23,160,54,United States,USA,2014 Winter,2014,Winter,Sochi,Snowboarding,Snowboarding Women's Slopestyle,Gold
4161,Scott Andrews,M,24,175,85,Great Britain,GBR,2014 Winter,2014,Winter,Sochi,Curling,Curling Men's Curling,Silver
4538,"Matthew ""Matt"" Antoine",M,28,190,84,United States,USA,2014 Winter,2014,Winter,Sochi,Skeleton,Skeleton Men's Skeleton,Bronze
4579,Vladislav Nikolayevich Antonov,M,22,179,80,Russia,RUS,2014 Winter,2014,Winter,Sochi,Luge,Luge Mixed Team Relay,Silver
4742,Gillian Mary Apps,F,30,180,80,Canada,CAN,2014 Winter,2014,Winter,Sochi,Ice Hockey,Ice Hockey Women's Ice Hockey,Gold
5117,Tobias Arlt,M,26,178,77,Germany-1,GER,2014 Winter,2014,Winter,Sochi,Luge,Luge Mixed (Men)'s Doubles,Gold
5117,Tobias Arlt,M,26,178,77,Germany,GER,2014 Winter,2014,Winter,Sochi,Luge,Luge Mixed Team Relay,Gold
6611,Lars Nicklas Bckstrm,M,26,185,95,Sweden,SWE,2014 Winter,2014,Winter,Sochi,Ice Hockey,Ice Hockey Men's Ice Hockey,Silver
7811,Anders Bardal,M,31,186,60,Norway,NOR,2014 Winter,2014,Winter,Sochi,Ski Jumping,Ski Jumping Men's Normal Hill  Individual,Bronze
7904,Aleksander Barkov,M,18,190,91,Finland,FIN,2014 Winter,2014,Winter,Sochi,Ice Hockey,Ice Hockey Men's Ice Hockey,Bronze
8748,Alex Baumann,M,28,181,100,Switzerland-1,SUI,2014 Winter,2014,Winter,Sochi,Bobsleigh,Bobsleigh Men's Two,Silver
9048,Jean-Guillaume Batrix,M,25,172,NA,France,FRA,2014 Winter,2014,Winter,Sochi,Biathlon,Biathlon Men's 12.5 kilometres Pursuit,Bronze
9669,Kacey Lee Bellamy,F,26,170,66,United States,USA,2014 Winter,2014,Winter,Sochi,Ice Hockey,Ice Hockey Women's Ice Hockey,Silver
10142,"James Randolph ""Jamie"" Benn",M,24,189,94,Canada,CAN,2014 Winter,2014,Winter,Sochi,Ice Hockey,Ice Hockey Men's Ice Hockey,Gold
10270,Laura Benz,F,21,172,63,Switzerland,SUI,2014 Winter,2014,Winter,Sochi,Ice Hockey,Ice Hockey Women's Ice Hockey,Bronze
10271,Sara Benz,F,21,163,55,Switzerland,SUI,2014 Winter,2014,Winter,Sochi,Ice Hockey,Ice Hockey Women's Ice Hockey,Bronze
10467,Tora Berger (-Tveldal),F,32,166,56,Norway,NOR,2014 Winter,2014,Winter,Sochi,Biathlon,Biathlon Mixed 2 x 6 kilometres and 2 x 7.5 kilometres Relay,Gold
10467,Tora Berger (-Tveldal),F,32,166,56,Norway,NOR,2014 Winter,2014,Winter,Sochi,Biathlon,Biathlon Women's 10 kilometres Pursuit,Silver
10467,Tora Berger (-Tveldal),F,32,166,56,Norway,NOR,2014 Winter,2014,Winter,Sochi,Biathlon,Biathlon Women's 4 x 6 kilometres Relay,Bronze
10472,Patrice Bergeron-Cleary,M,28,188,88,Canada,CAN,2014 Winter,2014,Winter,Sochi,Ice Hockey,Ice Hockey Men's Ice Hockey,Gold
10507,Anders Patrik Berglund,M,25,192,99,Sweden,SWE,2014 Winter,2014,Winter,Sochi,Ice Hockey,Ice Hockey Men's Ice Hockey,Silver
10555,Jacob Jorrit Bergsma,M,28,188,73,Netherlands,NED,2014 Winter,2014,Winter,Sochi,Speed Skating,Speed Skating Men's 5 000 metres,Bronze
10555,Jacob Jorrit Bergsma,M,28,188,73,Netherlands,NED,2014 Winter,2014,Winter,Sochi,Speed Skating,Speed Skating Men's 10 000 metres,Gold
10930,Christina Bertrup,F,37,175,66,Sweden,SWE,2014 Winter,2014,Winter,Sochi,Curling,Curling Women's Curling,Silver
10994,Aleksandr Andreyevich Bessmertnykh,M,27,182,78,Russia,RUS,2014 Winter,2014,Winter,Sochi,Cross Country Skiing,Cross Country Skiing Men's 4 x 10 kilometres Relay,Silver
11375,Christoph Bieler,M,36,180,70,Austria,AUT,2014 Winter,2014,Winter,Sochi,Nordic Combined,Nordic Combined Men's Team,Bronze
11537,"Alexandre ""Alex"" Bilodeau",M,26,173,76,Canada,CAN,2014 Winter,2014,Winter,Sochi,Freestyle Skiing,Freestyle Skiing Men's Moguls,Gold
11943,Marit Bjrgen,F,33,168,64,Norway,NOR,2014 Winter,2014,Winter,Sochi,Cross Country Skiing,Cross Country Skiing Women's 30 kilometres,Gold
11943,Marit Bjrgen,F,33,168,64,Norway,NOR,2014 Winter,2014,Winter,Sochi,Cross Country Skiing,Cross Country Skiing Women's 15 km Skiathlon,Gold
11943,Marit Bjrgen,F,33,168,64,Norway,NOR,2014 Winter,2014,Winter,Sochi,Cross Country Skiing,Cross Country Skiing Women's Team Sprint,Gold
11951,Ole Einar Bjrndalen,M,40,178,65,Norway,NOR,2014 Winter,2014,Winter,Sochi,Biathlon,Biathlon Men's 10 kilometres Sprint,Gold
11951,Ole Einar Bjrndalen,M,40,178,65,Norway,NOR,2014 Winter,2014,Winter,Sochi,Biathlon,Biathlon Mixed 2 x 6 kilometres and 2 x 7.5 kilometres Relay,Gold
12317,Jan Blokhuijsen,M,24,184,81,Netherlands,NED,2014 Winter,2014,Winter,Sochi,Speed Skating,Speed Skating Men's 5 000 metres,Silver
12317,Jan Blokhuijsen,M,24,184,81,Netherlands,NED,2014 Winter,2014,Winter,Sochi,Speed Skating,Speed Skating Men's Team Pursuit (8 laps),Gold
12494,Yekaterina Aleksandrovna Bobrova,F,23,160,49,Russia,RUS,2014 Winter,2014,Winter,Sochi,Figure Skating,Figure Skating Mixed Team,Gold
12673,Margot Madeleine Boer,F,28,182,72,Netherlands,NED,2014 Winter,2014,Winter,Sochi,Speed Skating,Speed Skating Women's 500 metres,Bronze
12673,Margot Madeleine Boer,F,28,182,72,Netherlands,NED,2014 Winter,2014,Winter,Sochi,Speed Skating,Speed Skating Women's 1 000 metres,Bronze
12813,Stefanie Bhler,F,32,170,54,Germany,GER,2014 Winter,2014,Winter,Sochi,Cross Country Skiing,Cross Country Skiing Women's 4 x 5 kilometres Relay,Bronze
12820,Daniel Bhm,M,27,178,72,Germany,GER,2014 Winter,2014,Winter,Sochi,Biathlon,Biathlon Men's 4 x 7.5 kilometres Relay,Silver
14210,Jay Daniel Bouwmeester,M,30,193,95,Canada,CAN,2014 Winter,2014,Winter,Sochi,Ice Hockey,Ice Hockey Men's Ice Hockey,Gold
14235,Arnaud Bovolenta,M,25,170,92,France,FRA,2014 Winter,2014,Winter,Sochi,Freestyle Skiing,Freestyle Skiing Men's Ski Cross,Silver
14276,"Maddison Michelle ""Maddie"" Bowman",F,20,155,63,United States,USA,2014 Winter,2014,Winter,Sochi,Freestyle Skiing,Freestyle Skiing Women's Halfpipe,Gold
14394,Megan Bozek,F,22,173,77,United States,USA,2014 Winter,2014,Winter,Sochi,Ice Hockey,Ice Hockey Women's Ice Hockey,Silver
15096,Torah Jane Bright (-Thomson),F,27,161,57,Australia,AUS,2014 Winter,2014,Winter,Sochi,Snowboarding,Snowboarding Women's Halfpipe,Silver
15275,Zbigniew Marcin Brdka,M,29,183,85,Poland,POL,2014 Winter,2014,Winter,Sochi,Speed Skating,Speed Skating Men's 1 500 metres,Gold
15275,Zbigniew Marcin Brdka,M,29,183,85,Poland,POL,2014 Winter,2014,Winter,Sochi,Speed Skating,Speed Skating Men's Team Pursuit (8 laps),Bronze
15537,Jason Brown,M,19,170,61,United States,USA,2014 Winter,2014,Winter,Sochi,Figure Skating,Figure Skating Mixed Team,Bronze
16390,Nicole Bullo,F,26,160,56,Switzerland,SUI,2014 Winter,2014,Winter,Sochi,Ice Hockey,Ice Hockey Women's Ice Hockey,Bronze
18446,"Alexandra ""Alex"" Carpenter",F,19,170,70,United States,USA,2014 Winter,2014,Winter,Sochi,Ice Hockey,Ice Hockey Women's Ice Hockey,Silver
18644,"Jeffrey J. ""Jeff"" Carter",M,29,190,90,Canada,CAN,2014 Winter,2014,Winter,Sochi,Ice Hockey,Ice Hockey Men's Ice Hockey,Gold
18913,Marissa Castelli,F,23,152,48,United States,USA,2014 Winter,2014,Winter,Sochi,Figure Skating,Figure Skating Mixed Team,Bronze
19311,"John Robert ""J. R."" Celski",M,23,173,63,United States,USA,2014 Winter,2014,Winter,Sochi,Short Track Speed Skating,Short Track Speed Skating Men's 5 000 metres Relay,Silver
19695,Patrick Lewis Chan,M,23,168,67,Canada,CAN,2014 Winter,2014,Winter,Sochi,Figure Skating,Figure Skating Men's Singles,Silver
19695,Patrick Lewis Chan,M,23,168,67,Canada,CAN,2014 Winter,2014,Winter,Sochi,Figure Skating,Figure Skating Mixed Team,Silver
19863,Jean-Frdric Chapuis,M,24,172,83,France,FRA,2014 Winter,2014,Winter,Sochi,Freestyle Skiing,Freestyle Skiing Men's Ski Cross,Gold
20181,Chen Dequan,M,18,176,66,China,CHN,2014 Winter,2014,Winter,Sochi,Short Track Speed Skating,Short Track Speed Skating Men's 5 000 metres Relay,Bronze
20478,Ilya Grigoryevich Chernousov,M,27,175,75,Russia,RUS,2014 Winter,2014,Winter,Sochi,Cross Country Skiing,Cross Country Skiing Men's 50 kilometres,Bronze
21248,Joss Christensen,M,22,185,79,United States,USA,2014 Winter,2014,Winter,Sochi,Freestyle Skiing,Freestyle Skiing Men's Slopestyle,Gold
21357,Julie Wu Chu,F,31,173,67,United States,USA,2014 Winter,2014,Winter,Sochi,Ice Hockey,Ice Hockey Women's Ice Hockey,Silver
21814,Kelly Clark,F,30,163,61,United States,USA,2014 Winter,2014,Winter,Sochi,Snowboarding,Snowboarding Women's Halfpipe,Bronze
22496,Dario Alonzo Cologna,M,27,179,74,Switzerland,SUI,2014 Winter,2014,Winter,Sochi,Cross Country Skiing,Cross Country Skiing Men's 15 kilometres,Gold
22496,Dario Alonzo Cologna,M,27,179,74,Switzerland,SUI,2014 Winter,2014,Winter,Sochi,Cross Country Skiing,Cross Country Skiing Men's 30 km Skiathlon,Gold
23464,Charle Cournoyer,M,22,173,68,Canada,CAN,2014 Winter,2014,Winter,Sochi,Short Track Speed Skating,Short Track Speed Skating Men's 500 metres,Bronze
23615,Kendall Coyne,F,21,157,57,United States,USA,2014 Winter,2014,Winter,Sochi,Ice Hockey,Ice Hockey Women's Ice Hockey,Silver
23793,"Christopher ""Chris"" Creveling",M,27,178,70,United States,USA,2014 Winter,2014,Winter,Sochi,Short Track Speed Skating,Short Track Speed Skating Men's 5 000 metres Relay,Silver
23930,Sidney Patrick Crosby,M,26,180,90,Canada,CAN,2014 Winter,2014,Winter,Sochi,Ice Hockey,Ice Hockey Men's Ice Hockey,Gold
24558,Natalia Barbara Czerwonka,F,25,177,70,Poland,POL,2014 Winter,2014,Winter,Sochi,Speed Skating,Speed Skating Women's Team Pursuit (6 laps),Silver
25330,Melodie Daoust,F,22,163,71,Canada,CAN,2014 Winter,2014,Winter,Sochi,Ice Hockey,Ice Hockey Women's Ice Hockey,Gold
25713,Meryl Elizabeth Davis,F,27,160,49,United States-1,USA,2014 Winter,2014,Winter,Sochi,Figure Skating,Figure Skating Mixed Ice Dancing,Gold
25713,Meryl Elizabeth Davis,F,27,160,49,United States,USA,2014 Winter,2014,Winter,Sochi,Figure Skating,Figure Skating Mixed Team,Bronze
26200,Bob Johannes Carolus de Jong,M,37,181,82,Netherlands,NED,2014 Winter,2014,Winter,Sochi,Speed Skating,Speed Skating Men's 10 000 metres,Bronze
26923,Brianna Decker,F,22,163,67,United States,USA,2014 Winter,2014,Winter,Sochi,Ice Hockey,Ice Hockey Women's Ice Hockey,Silver
27049,Alex Deibold,M,27,185,86,United States,USA,2014 Winter,2014,Winter,Sochi,Snowboarding,Snowboarding Men's Boardercross,Bronze
27442,Albert Mikhaylovich Demchenko,M,42,185,95,Russia,RUS,2014 Winter,2014,Winter,Sochi,Luge,Luge Men's Singles,Silver
27442,Albert Mikhaylovich Demchenko,M,42,185,95,Russia,RUS,2014 Winter,2014,Winter,Sochi,Luge,Luge Mixed Team Relay,Silver
27609,Aleksandr Vladimirovich Denisyev,M,22,189,100,Russia,RUS,2014 Winter,2014,Winter,Sochi,Luge,Luge Mixed Team Relay,Silver
28464,Thomas Diethart,M,21,172,60,Austria,AUT,2014 Winter,2014,Winter,Sochi,Ski Jumping,Ski Jumping Men's Large Hill  Team,Silver
29305,Darya Vladimirovna Domracheva,F,27,168,58,Belarus,BLR,2014 Winter,2014,Winter,Sochi,Biathlon,Biathlon Women's 10 kilometres Pursuit,Gold
29305,Darya Vladimirovna Domracheva,F,27,168,58,Belarus,BLR,2014 Winter,2014,Winter,Sochi,Biathlon,Biathlon Women's 12.5 kilometres Mass Start,Gold
29305,Darya Vladimirovna Domracheva,F,27,168,58,Belarus,BLR,2014 Winter,2014,Winter,Sochi,Biathlon,Biathlon Women's 15 kilometres,Gold
29671,Drew Doughty,M,24,185,92,Canada,CAN,2014 Winter,2014,Winter,Sochi,Ice Hockey,Ice Hockey Men's Ice Hockey,Gold
29972,Daumants Dreikens,M,29,193,108,Latvia-1,LAT,2014 Winter,2014,Winter,Sochi,Bobsleigh,Bobsleigh Men's Four,Silver
30070,Marie-ve Drolet,F,32,167,60,Canada,CAN,2014 Winter,2014,Winter,Sochi,Short Track Speed Skating,Short Track Speed Skating Women's 3 000 metres Relay,Silver
30122,Greg Drummond,M,25,171,63,Great Britain,GBR,2014 Winter,2014,Winter,Sochi,Curling,Curling Men's Curling,Silver
30337,"Matthew ""Matt"" Duchene",M,23,180,91,Canada,CAN,2014 Winter,2014,Winter,Sochi,Ice Hockey,Ice Hockey Men's Ice Hockey,Gold
30453,Chlo Dufour-Lapointe,F,22,165,61,Canada,CAN,2014 Winter,2014,Winter,Sochi,Freestyle Skiing,Freestyle Skiing Women's Moguls,Silver
30454,Justine Dufour-Lapointe,F,19,164,54,Canada,CAN,2014 Winter,2014,Winter,Sochi,Freestyle Skiing,Freestyle Skiing Women's Moguls,Gold
30475,Meghan Duggan,F,26,178,73,United States,USA,2014 Winter,2014,Winter,Sochi,Ice Hockey,Ice Hockey Women's Ice Hockey,Silver
30491,Meagan Duhamel,F,28,148,48,Canada,CAN,2014 Winter,2014,Winter,Sochi,Figure Skating,Figure Skating Mixed Team,Silver
30509,Julia Dujmovits,F,26,168,60,Austria,AUT,2014 Winter,2014,Winter,Sochi,Snowboarding,Snowboarding Women's Parallel Slalom,Gold
30526,Martins Dukurs,M,29,178,75,Latvia,LAT,2014 Winter,2014,Winter,Sochi,Skeleton,Skeleton Men's Skeleton,Silver
30948,Robin Duvillard,M,30,178,71,France,FRA,2014 Winter,2014,Winter,Sochi,Cross Country Skiing,Cross Country Skiing Men's 4 x 10 kilometres Relay,Bronze
31127,Yuliya Valentynivna Dzhyma,F,23,166,66,Ukraine,UKR,2014 Winter,2014,Winter,Sochi,Biathlon,Biathlon Women's 4 x 6 kilometres Relay,Gold
31342,Tiril Kampenhaug Eckhoff,F,23,163,59,Norway,NOR,2014 Winter,2014,Winter,Sochi,Biathlon,Biathlon Mixed 2 x 6 kilometres and 2 x 7.5 kilometres Relay,Gold
31342,Tiril Kampenhaug Eckhoff,F,23,163,59,Norway,NOR,2014 Winter,2014,Winter,Sochi,Biathlon,Biathlon Women's 12.5 kilometres Mass Start,Bronze
31342,Tiril Kampenhaug Eckhoff,F,23,163,59,Norway,NOR,2014 Winter,2014,Winter,Sochi,Biathlon,Biathlon Women's 4 x 6 kilometres Relay,Bronze
31391,Simon Eder,M,30,186,79,Austria,AUT,2014 Winter,2014,Winter,Sochi,Biathlon,Biathlon Men's 4 x 7.5 kilometres Relay,Bronze
31411,Johan Niklas Edin,M,28,171,80,Sweden,SWE,2014 Winter,2014,Winter,Sochi,Curling,Curling Men's Curling,Bronze
31419,Ulf Niklas Alexander Edler,M,27,191,98,Sweden,SWE,2014 Winter,2014,Winter,Sochi,Ice Hockey,Ice Hockey Men's Ice Hockey,Silver
31592,Romy Eggimann,F,18,157,54,Switzerland,SUI,2014 Winter,2014,Winter,Sochi,Ice Hockey,Ice Hockey Women's Ice Hockey,Bronze
31863,Oliver Oscar Emanuel Ekman Larsson,M,22,188,86,Sweden,SWE,2014 Winter,2014,Winter,Sochi,Ice Hockey,Ice Hockey Men's Ice Hockey,Silver
32906,Sven Jimmie Ericsson,M,33,187,94,Sweden,SWE,2014 Winter,2014,Winter,Sochi,Ice Hockey,Ice Hockey Men's Ice Hockey,Silver
32907,Dan Ola Jonathan Ericsson (Marklund-),M,29,195,102,Sweden,SWE,2014 Winter,2014,Winter,Sochi,Ice Hockey,Ice Hockey Men's Ice Hockey,Silver
32978,Carl Wilhelm Loui Eriksson,M,28,188,89,Sweden,SWE,2014 Winter,2014,Winter,Sochi,Ice Hockey,Ice Hockey Men's Ice Hockey,Silver
33424,Aja L. Evans,F,25,178,77,United States-2,USA,2014 Winter,2014,Winter,Sochi,Bobsleigh,Bobsleigh Women's Two,Bronze
33650,Vesna Fabjan,F,28,170,62,Slovenia,SLO,2014 Winter,2014,Winter,Sochi,Cross Country Skiing,Cross Country Skiing Women's Sprint,Bronze
33918,Maiken Caspersen Falla,F,23,162,NA,Norway,NOR,2014 Winter,2014,Winter,Sochi,Cross Country Skiing,Cross Country Skiing Women's Sprint,Gold
33949,Fan Kexin,F,20,170,55,China,CHN,2014 Winter,2014,Winter,Sochi,Short Track Speed Skating,Short Track Speed Skating Women's 1 000 metres,Silver
34163,Kaitlyn Brooke Farrington,F,24,163,57,United States,USA,2014 Winter,2014,Winter,Sochi,Snowboarding,Snowboarding Women's Halfpipe,Gold
34230,Olga Aleksandrovna Fatkulina,F,24,172,62,Russia,RUS,2014 Winter,2014,Winter,Sochi,Speed Skating,Speed Skating Women's 500 metres,Silver
34637,Anna Fenninger (-Veith),F,24,166,64,Austria,AUT,2014 Winter,2014,Winter,Sochi,Alpine Skiing,Alpine Skiing Women's Super G,Gold
34637,Anna Fenninger (-Veith),F,24,166,64,Austria,AUT,2014 Winter,2014,Winter,Sochi,Alpine Skiing,Alpine Skiing Women's Giant Slalom,Silver
35083,Nicole Fessel,F,30,170,55,Germany,GER,2014 Winter,2014,Winter,Sochi,Cross Country Skiing,Cross Country Skiing Women's 4 x 5 kilometres Relay,Bronze
35738,Ann Kristin Aafedt Flatland,F,31,173,62,Norway,NOR,2014 Winter,2014,Winter,Sochi,Biathlon,Biathlon Women's 4 x 6 kilometres Relay,Bronze
36035,"Christopher ""Chris"" Fogt",M,30,183,93,United States-1,USA,2014 Winter,2014,Winter,Sochi,Bobsleigh,Bobsleigh Men's Four,Bronze
36154,Arianna Fontana,F,23,164,63,Italy,ITA,2014 Winter,2014,Winter,Sochi,Short Track Speed Skating,Short Track Speed Skating Women's 500 metres,Silver
36154,Arianna Fontana,F,23,164,63,Italy,ITA,2014 Winter,2014,Winter,Sochi,Short Track Speed Skating,Short Track Speed Skating Women's 1 500 metres,Bronze
36154,Arianna Fontana,F,23,164,63,Italy,ITA,2014 Winter,2014,Winter,Sochi,Short Track Speed Skating,Short Track Speed Skating Women's 3 000 metres Relay,Bronze
36347,Sarah Forster,F,20,169,55,Switzerland,SUI,2014 Winter,2014,Winter,Sochi,Ice Hockey,Ice Hockey Women's Ice Hockey,Bronze
36383,Laura Michele Fortino,F,23,164,62,Canada,CAN,2014 Winter,2014,Winter,Sochi,Ice Hockey,Ice Hockey Women's Ice Hockey,Gold
36512,Martin Fourcade,M,25,183,73,France,FRA,2014 Winter,2014,Winter,Sochi,Biathlon,Biathlon Men's 12.5 kilometres Pursuit,Gold
36512,Martin Fourcade,M,25,183,73,France,FRA,2014 Winter,2014,Winter,Sochi,Biathlon,Biathlon Men's 15 kilometres Mass Start,Silver
36512,Martin Fourcade,M,25,183,73,France,FRA,2014 Winter,2014,Winter,Sochi,Biathlon,Biathlon Men's 20 kilometres,Gold
36897,Angela Frautschi,F,26,169,73,Switzerland,SUI,2014 Winter,2014,Winter,Sochi,Ice Hockey,Ice Hockey Women's Ice Hockey,Bronze
37087,Eric Frenzel,M,25,174,57,Germany,GER,2014 Winter,2014,Winter,Sochi,Nordic Combined,Nordic Combined Men's Normal Hill / 10 km  Individual,Gold
37087,Eric Frenzel,M,25,174,57,Germany,GER,2014 Winter,2014,Winter,Sochi,Nordic Combined,Nordic Combined Men's Team,Silver
37115,Severin Freund,M,25,185,67,Germany,GER,2014 Winter,2014,Winter,Sochi,Ski Jumping,Ski Jumping Men's Large Hill  Team,Gold
37370,Lyndsey Fry,F,21,173,77,United States,USA,2014 Winter,2014,Winter,Sochi,Ice Hockey,Ice Hockey Women's Ice Hockey,Silver
37371,Ryan Fry,M,35,175,80,Canada,CAN,2014 Winter,2014,Winter,Sochi,Curling,Curling Men's Curling,Gold
37925,Jean-Marc Gaillard,M,33,179,72,France,FRA,2014 Winter,2014,Winter,Sochi,Cross Country Skiing,Cross Country Skiing Men's 4 x 10 kilometres Relay,Bronze
38169,Nevin Galmarini,M,27,172,74,Switzerland,SUI,2014 Winter,2014,Winter,Sochi,Snowboarding,Snowboarding Men's Parallel Giant Slalom,Silver
38449,Yevgeny Aleksandrovich Garanichev,M,25,169,68,Russia,RUS,2014 Winter,2014,Winter,Sochi,Biathlon,Biathlon Men's 20 kilometres,Bronze
38977,Selina Gasparin,F,29,163,52,Switzerland,SUI,2014 Winter,2014,Winter,Sochi,Biathlon,Biathlon Women's 15 kilometres,Silver
39377,Natalie Geisenberger,F,26,183,76,Germany,GER,2014 Winter,2014,Winter,Sochi,Luge,Luge Women's Singles,Gold
39377,Natalie Geisenberger,F,26,183,76,Germany,GER,2014 Winter,2014,Winter,Sochi,Luge,Luge Mixed Team Relay,Gold
39876,Ryan Getzlaf,M,28,193,100,Canada,CAN,2014 Winter,2014,Winter,Sochi,Ice Hockey,Ice Hockey Men's Ice Hockey,Gold
40586,Dominique Gisin,F,28,172,68,Switzerland,SUI,2014 Winter,2014,Winter,Sochi,Alpine Skiing,Alpine Skiing Women's Downhill,Gold
41011,"Nicholas ""Nick"" Goepper",M,19,183,73,United States,USA,2014 Winter,2014,Winter,Sochi,Freestyle Skiing,Freestyle Skiing Men's Slopestyle,Bronze
41104,"Grace Elizabeth ""Gracie"" Gold",F,18,165,54,United States,USA,2014 Winter,2014,Winter,Sochi,Figure Skating,Figure Skating Mixed Team,Bronze
41424,Gong Sang-Jeong,F,17,161,50,South Korea,KOR,2014 Winter,2014,Winter,Sochi,Short Track Speed Skating,Short Track Speed Skating Women's 3 000 metres Relay,Gold
41688,Michael Goodfellow,M,25,184,88,Great Britain,GBR,2014 Winter,2014,Winter,Sochi,Curling,Curling Men's Curling,Silver
42155,Jrgen Nyland Graabak,M,22,185,NA,Norway,NOR,2014 Winter,2014,Winter,Sochi,Nordic Combined,Nordic Combined Men's Large Hill / 10 km  Individual,Gold
42155,Jrgen Nyland Graabak,M,22,185,NA,Norway,NOR,2014 Winter,2014,Winter,Sochi,Nordic Combined,Nordic Combined Men's Team,Gold
42244,Olga Borisovna Graf,F,30,160,56,Russia,RUS,2014 Winter,2014,Winter,Sochi,Speed Skating,Speed Skating Women's 3 000 metres,Bronze
42244,Olga Borisovna Graf,F,30,160,56,Russia,RUS,2014 Winter,2014,Winter,Sochi,Speed Skating,Speed Skating Women's Team Pursuit (6 laps),Bronze
42404,Mikael Antero Granlund,M,21,179,83,Finland,FIN,2014 Winter,2014,Winter,Sochi,Ice Hockey,Ice Hockey Men's Ice Hockey,Bronze
42724,Teja Gregorin,F,33,171,56,Slovenia,SLO,2014 Winter,2014,Winter,Sochi,Biathlon,Biathlon Women's 10 kilometres Pursuit,Bronze
42798,Jamie Greubel (-Poser),F,30,175,76,United States-2,USA,2014 Winter,2014,Winter,Sochi,Bobsleigh,Bobsleigh Women's Two,Bronze
42929,Vladimir Viktorovich Grigoryev,M,31,178,83,Russia,RUS,2014 Winter,2014,Winter,Sochi,Short Track Speed Skating,Short Track Speed Skating Men's 1 000 metres,Silver
42929,Vladimir Viktorovich Grigoryev,M,31,178,83,Russia,RUS,2014 Winter,2014,Winter,Sochi,Short Track Speed Skating,Short Track Speed Skating Men's 5 000 metres Relay,Gold
43139,Stefan Groothuis,M,32,181,78,Netherlands,NED,2014 Winter,2014,Winter,Sochi,Speed Skating,Speed Skating Men's 1 000 metres,Gold
43267,Bernhard Gruber,M,31,185,71,Austria,AUT,2014 Winter,2014,Winter,Sochi,Nordic Combined,Nordic Combined Men's Team,Bronze
44137,Lara Gut,F,22,160,58,Switzerland,SUI,2014 Winter,2014,Winter,Sochi,Alpine Skiing,Alpine Skiing Women's Downhill,Bronze
44433,Anna Margret Haag (Hansson-),F,27,163,58,Sweden,SWE,2014 Winter,2014,Winter,Sochi,Cross Country Skiing,Cross Country Skiing Women's 4 x 5 kilometres Relay,Gold
44694,Carl Oliver Ruud Hagelin,M,25,182,85,Sweden,SWE,2014 Winter,2014,Winter,Sochi,Ice Hockey,Ice Hockey Men's Ice Hockey,Silver
45242,Charles Hamelin,M,29,175,71,Canada,CAN,2014 Winter,2014,Winter,Sochi,Short Track Speed Skating,Short Track Speed Skating Men's 1 500 metres,Gold
45250,"Daniel ""Dan"" Hamhuis",M,31,185,92,Canada,CAN,2014 Winter,2014,Winter,Sochi,Ice Hockey,Ice Hockey Men's Ice Hockey,Gold
45272,Claire Hamilton,F,25,170,63,Great Britain,GBR,2014 Winter,2014,Winter,Sochi,Curling,Curling Women's Curling,Bronze
45305,Erin Mullady Hamlin,F,27,170,65,United States,USA,2014 Winter,2014,Winter,Sochi,Luge,Luge Women's Singles,Bronze
45489,Han Tianyu,M,17,173,65,China,CHN,2014 Winter,2014,Winter,Sochi,Short Track Speed Skating,Short Track Speed Skating Men's 1 500 metres,Silver
45489,Han Tianyu,M,17,173,65,China,CHN,2014 Winter,2014,Winter,Sochi,Short Track Speed Skating,Short Track Speed Skating Men's 5 000 metres Relay,Bronze
45869,Yuzuru Hanyu,M,19,171,NA,Japan,JPN,2014 Winter,2014,Winter,Sochi,Figure Skating,Figure Skating Men's Singles,Gold
46095,"Eric J. ""E.J."" Harnden",M,30,185,84,Canada,CAN,2014 Winter,2014,Winter,Sochi,Curling,Curling Men's Curling,Gold
46098,Ryan Harnden,M,27,183,91,Canada,CAN,2014 Winter,2014,Winter,Sochi,Curling,Curling Men's Curling,Gold
46591,Ola Vigen Hattestad,M,31,186,85,Norway,NOR,2014 Winter,2014,Winter,Sochi,Cross Country Skiing,Cross Country Skiing Men's Sprint,Gold
46822,Michael Haybck,M,22,182,65,Austria,AUT,2014 Winter,2014,Winter,Sochi,Ski Jumping,Ski Jumping Men's Large Hill  Team,Silver
47137,Jayna Hefford,F,36,163,63,Canada,CAN,2014 Winter,2014,Winter,Sochi,Ice Hockey,Ice Hockey Women's Ice Hockey,Gold
47140,Beat Hefti,M,36,183,110,Switzerland-1,SUI,2014 Winter,2014,Winter,Sochi,Bobsleigh,Bobsleigh Men's Two,Silver
47457,Carl Marcus Joakim Hellner,M,28,183,75,Sweden,SWE,2014 Winter,2014,Winter,Sochi,Cross Country Skiing,Cross Country Skiing Men's 30 km Skiathlon,Silver
47457,Carl Marcus Joakim Hellner,M,28,183,75,Sweden,SWE,2014 Winter,2014,Winter,Sochi,Cross Country Skiing,Cross Country Skiing Men's 4 x 10 kilometres Relay,Gold
48175,Denise Herrmann,F,25,175,61,Germany,GER,2014 Winter,2014,Winter,Sochi,Cross Country Skiing,Cross Country Skiing Women's 4 x 5 kilometres Relay,Bronze
48343,Jessica Hewitt,F,27,165,53,Canada,CAN,2014 Winter,2014,Winter,Sochi,Short Track Speed Skating,Short Track Speed Skating Women's 3 000 metres Relay,Silver
48466,Juuso Hietanen,M,28,180,85,Finland,FIN,2014 Winter,2014,Winter,Sochi,Ice Hockey,Ice Hockey Men's Ice Hockey,Bronze
48761,Ayumu Hirano,M,15,160,50,Japan,JPN,2014 Winter,2014,Winter,Sochi,Snowboarding,Snowboarding Men's Halfpipe,Silver
48769,Taku Hiraoka,M,18,171,63,Japan,JPN,2014 Winter,2014,Winter,Sochi,Snowboarding,Snowboarding Men's Halfpipe,Bronze
48817,Marcel Hirscher,M,24,173,73,Austria,AUT,2014 Winter,2014,Winter,Sochi,Alpine Skiing,Alpine Skiing Men's Slalom,Silver
48872,Niklas Sivert Hjalmarsson,M,26,191,94,Sweden,SWE,2014 Winter,2014,Winter,Sochi,Ice Hockey,Ice Hockey Men's Ice Hockey,Silver
49094,Lukas Hofer,M,24,175,62,Italy,ITA,2014 Winter,2014,Winter,Sochi,Biathlon,Biathlon Mixed 2 x 6 kilometres and 2 x 7.5 kilometres Relay,Bronze
49178,Maria Hfl-Riesch,F,29,182,78,Germany,GER,2014 Winter,2014,Winter,Sochi,Alpine Skiing,Alpine Skiing Women's Super G,Silver
49178,Maria Hfl-Riesch,F,29,182,78,Germany,GER,2014 Winter,2014,Winter,Sochi,Alpine Skiing,Alpine Skiing Women's Combined,Gold
49304,"Steven ""Steve"" Holcomb",M,33,178,104,United States-1,USA,2014 Winter,2014,Winter,Sochi,Bobsleigh,Bobsleigh Men's Two,Bronze
49304,"Steven ""Steve"" Holcomb",M,33,178,104,United States-1,USA,2014 Winter,2014,Winter,Sochi,Bobsleigh,Bobsleigh Men's Four,Bronze
49515,Anna Ida Holmlund,F,26,183,76,Sweden,SWE,2014 Winter,2014,Winter,Sochi,Freestyle Skiing,Freestyle Skiing Women's Ski Cross,Bronze
49953,Fanny Welle-Strand Horn (-Birkeland),F,25,174,NA,Norway,NOR,2014 Winter,2014,Winter,Sochi,Biathlon,Biathlon Women's 4 x 6 kilometres Relay,Bronze
50161,Nicole Hosp,F,30,174,70,Austria,AUT,2014 Winter,2014,Winter,Sochi,Alpine Skiing,Alpine Skiing Women's Super G,Bronze
50161,Nicole Hosp,F,30,174,70,Austria,AUT,2014 Winter,2014,Winter,Sochi,Alpine Skiing,Alpine Skiing Women's Combined,Silver
50359,Dara Howell,F,19,170,58,Canada,CAN,2014 Winter,2014,Winter,Sochi,Freestyle Skiing,Freestyle Skiing Women's Slopestyle,Gold
50781,Jan Hudec,M,32,183,90,Canada,CAN,2014 Winter,2014,Winter,Sochi,Alpine Skiing,Alpine Skiing Men's Super G,Bronze
50839,Tatjana Hfner,F,30,178,76,Germany,GER,2014 Winter,2014,Winter,Sochi,Luge,Luge Women's Singles,Silver
51010,Kaillie Humphries (Simondson-),F,28,170,77,Canada-1,CAN,2014 Winter,2014,Winter,Sochi,Bobsleigh,Bobsleigh Women's Two,Gold
51648,Lydia Ierodiaconou-Lassila,F,32,157,54,Australia,AUS,2014 Winter,2014,Winter,Sochi,Freestyle Skiing,Freestyle Skiing Women's Aerials,Bronze
51927,Yelena Ruslanovna Ilyinykh,F,19,164,NA,Russia-1,RUS,2014 Winter,2014,Winter,Sochi,Figure Skating,Figure Skating Mixed Ice Dancing,Bronze
51927,Yelena Ruslanovna Ilyinykh,F,19,164,NA,Russia,RUS,2014 Winter,2014,Winter,Sochi,Figure Skating,Figure Skating Mixed Team,Gold
52037,Jarkko Immonen,M,31,183,95,Finland,FIN,2014 Winter,2014,Winter,Sochi,Ice Hockey,Ice Hockey Men's Ice Hockey,Bronze
52124,Ida Maria Erika Ingemarsdotter,F,28,174,68,Sweden,SWE,2014 Winter,2014,Winter,Sochi,Cross Country Skiing,Cross Country Skiing Women's 4 x 5 kilometres Relay,Gold
52124,Ida Maria Erika Ingemarsdotter,F,28,174,68,Sweden,SWE,2014 Winter,2014,Winter,Sochi,Cross Country Skiing,Cross Country Skiing Women's Team Sprint,Bronze
52167,Christof Innerhofer,M,29,186,90,Italy,ITA,2014 Winter,2014,Winter,Sochi,Alpine Skiing,Alpine Skiing Men's Downhill,Silver
52167,Christof Innerhofer,M,29,186,90,Italy,ITA,2014 Winter,2014,Winter,Sochi,Alpine Skiing,Alpine Skiing Men's Combined,Bronze
52335,Daniela Iraschko-Stolz,F,30,164,52,Austria,AUT,2014 Winter,2014,Winter,Sochi,Ski Jumping,Ski Jumping Women's Normal Hill  Individual,Silver
52392,Haley Lyn Irwin,F,25,170,78,Canada,CAN,2014 Winter,2014,Winter,Sochi,Ice Hockey,Ice Hockey Women's Ice Hockey,Gold
52668,Daiki Ito,M,28,172,57,Japan,JPN,2014 Winter,2014,Winter,Sochi,Ski Jumping,Ski Jumping Men's Large Hill  Team,Bronze
52871,Tatyana Ivanovna Ivanova,F,22,173,70,Russia,RUS,2014 Winter,2014,Winter,Sochi,Luge,Luge Mixed Team Relay,Silver
53186,"Bradley ""Brad"" Jacobs",M,28,180,81,Canada,CAN,2014 Winter,2014,Winter,Sochi,Curling,Curling Men's Curling,Gold
53794,Kjetil Jansrud,M,28,185,83,Norway,NOR,2014 Winter,2014,Winter,Sochi,Alpine Skiing,Alpine Skiing Men's Downhill,Bronze
53794,Kjetil Jansrud,M,28,185,83,Norway,NOR,2014 Winter,2014,Winter,Sochi,Alpine Skiing,Alpine Skiing Men's Super G,Gold
54041,Sami Olavi Jauhojrvi,M,32,174,68,Finland,FIN,2014 Winter,2014,Winter,Sochi,Cross Country Skiing,Cross Country Skiing Men's Team Sprint,Gold
54296,Brianne Alexandra Jenner,F,22,175,70,Canada,CAN,2014 Winter,2014,Winter,Sochi,Ice Hockey,Ice Hockey Women's Ice Hockey,Gold
54771,Jia Zongyang,M,22,175,70,China,CHN,2014 Winter,2014,Winter,Sochi,Freestyle Skiing,Freestyle Skiing Men's Aerials,Bronze
54967,Jo Hae-Ri,F,27,167,53,South Korea,KOR,2014 Winter,2014,Winter,Sochi,Short Track Speed Skating,Short Track Speed Skating Women's 3 000 metres Relay,Gold
55226,Lars Marcus Johansson,M,23,180,86,Sweden,SWE,2014 Winter,2014,Winter,Sochi,Ice Hockey,Ice Hockey Men's Ice Hockey,Silver
55285,Therese Johaug,F,25,162,NA,Norway,NOR,2014 Winter,2014,Winter,Sochi,Cross Country Skiing,Cross Country Skiing Women's 10 kilometres,Bronze
55285,Therese Johaug,F,25,162,NA,Norway,NOR,2014 Winter,2014,Winter,Sochi,Cross Country Skiing,Cross Country Skiing Women's 30 kilometres,Silver
55524,Rebecca Ann Johnston,F,24,170,67,Canada,CAN,2014 Winter,2014,Winter,Sochi,Ice Hockey,Ice Hockey Women's Ice Hockey,Gold
55559,Jussi Petteri Jokinen,M,30,181,86,Finland,FIN,2014 Winter,2014,Winter,Sochi,Ice Hockey,Ice Hockey Men's Ice Hockey,Bronze
55561,Olli Veli Pekka Jokinen,M,35,187,91,Finland,FIN,2014 Winter,2014,Winter,Sochi,Ice Hockey,Ice Hockey Men's Ice Hockey,Bronze
55680,Jennifer Judith Jones,F,39,173,63,Canada,CAN,2014 Winter,2014,Winter,Sochi,Curling,Curling Women's Curling,Gold
55681,"Jennifer Marie ""Jenny"" Jones",F,33,161,61,Great Britain,GBR,2014 Winter,2014,Winter,Sochi,Snowboarding,Snowboarding Women's Slopestyle,Bronze
55809,Karl Emil Jnsson,M,28,178,79,Sweden,SWE,2014 Winter,2014,Winter,Sochi,Cross Country Skiing,Cross Country Skiing Men's Sprint,Bronze
55809,Karl Emil Jnsson,M,28,178,79,Sweden,SWE,2014 Winter,2014,Winter,Sochi,Cross Country Skiing,Cross Country Skiing Men's Team Sprint,Bronze
56153,Ju Hyeong-Jun,M,22,175,73,South Korea,KOR,2014 Winter,2014,Winter,Sochi,Speed Skating,Speed Skating Men's Team Pursuit (8 laps),Silver
56898,Marina Charlotte Kalla,F,26,162,60,Sweden,SWE,2014 Winter,2014,Winter,Sochi,Cross Country Skiing,Cross Country Skiing Women's 10 kilometres,Silver
56898,Marina Charlotte Kalla,F,26,162,60,Sweden,SWE,2014 Winter,2014,Winter,Sochi,Cross Country Skiing,Cross Country Skiing Women's 15 km Skiathlon,Silver
56898,Marina Charlotte Kalla,F,26,162,60,Sweden,SWE,2014 Winter,2014,Winter,Sochi,Cross Country Skiing,Cross Country Skiing Women's 4 x 5 kilometres Relay,Gold
57585,Benjamin Martin Karl,M,28,186,90,Austria,AUT,2014 Winter,2014,Winter,Sochi,Snowboarding,Snowboarding Men's Parallel Slalom,Bronze
57623,Erik Sven-Gunnar Karlsson,M,23,181,79,Sweden,SWE,2014 Winter,2014,Winter,Sochi,Ice Hockey,Ice Hockey Men's Ice Hockey,Silver
57744,Anke Karstens,F,28,175,65,Germany,GER,2014 Winter,2014,Winter,Sochi,Snowboarding,Snowboarding Women's Parallel Slalom,Silver
57803,Noriaki Kasai,M,41,176,60,Japan,JPN,2014 Winter,2014,Winter,Sochi,Ski Jumping,Ski Jumping Men's Large Hill  Individual,Silver
57803,Noriaki Kasai,M,41,176,60,Japan,JPN,2014 Winter,2014,Winter,Sochi,Ski Jumping,Ski Jumping Men's Large Hill  Team,Bronze
58024,Nikita Gennadyevich Katsalapov,M,22,180,NA,Russia-1,RUS,2014 Winter,2014,Winter,Sochi,Figure Skating,Figure Skating Mixed Ice Dancing,Bronze
58024,Nikita Gennadyevich Katsalapov,M,22,180,NA,Russia,RUS,2014 Winter,2014,Winter,Sochi,Figure Skating,Figure Skating Mixed Team,Gold
58326,Hannah Angela Kearney,F,27,168,69,United States,USA,2014 Winter,2014,Winter,Sochi,Freestyle Skiing,Freestyle Skiing Women's Moguls,Bronze
58450,Duncan Keith,M,30,185,88,Canada,CAN,2014 Winter,2014,Winter,Sochi,Ice Hockey,Ice Hockey Men's Ice Hockey,Gold
58760,"Augustus Richard ""Gus"" Kenworthy",M,22,178,77,United States,USA,2014 Winter,2014,Winter,Sochi,Freestyle Skiing,Freestyle Skiing Men's Slopestyle,Silver
58919,Amanda Kessel,F,22,165,64,United States,USA,2014 Winter,2014,Winter,Sochi,Ice Hockey,Ice Hockey Women's Ice Hockey,Silver
59758,Kim A-Lang,F,18,168,53,South Korea,KOR,2014 Winter,2014,Winter,Sochi,Short Track Speed Skating,Short Track Speed Skating Women's 3 000 metres Relay,Gold
59799,Kim Cheol-Min,M,21,172,62,South Korea,KOR,2014 Winter,2014,Winter,Sochi,Speed Skating,Speed Skating Men's Team Pursuit (8 laps),Silver
60372,Yu-Na Kim,F,23,165,47,South Korea,KOR,2014 Winter,2014,Winter,Sochi,Figure Skating,Figure Skating Women's Singles,Silver
60524,Mikal Kingsbury,M,21,174,68,Canada,CAN,2014 Winter,2014,Winter,Sochi,Freestyle Skiing,Freestyle Skiing Men's Moguls,Silver
60661,Bjrn Kircheisen,M,30,183,69,Germany,GER,2014 Winter,2014,Winter,Sochi,Nordic Combined,Nordic Combined Men's Team,Silver
60982,Viktor Erik Kjll,M,28,182,79,Sweden,SWE,2014 Winter,2014,Winter,Sochi,Curling,Curling Men's Curling,Bronze
61045,Lukas Klapfer,M,28,182,70,Austria,AUT,2014 Winter,2014,Winter,Sochi,Nordic Combined,Nordic Combined Men's Team,Bronze
61106,"Meiskelina Catharina Anna ""Carien"" Kleibeuker",F,35,172,59,Netherlands,NED,2014 Winter,2014,Winter,Sochi,Speed Skating,Speed Skating Women's 5 000 metres,Bronze
61180,Hvard Klemetsen,M,35,178,67,Norway,NOR,2014 Winter,2014,Winter,Sochi,Nordic Combined,Nordic Combined Men's Team,Gold
61264,Fyodor Aleksandrovich Klimov,M,23,181,NA,Russia-2,RUS,2014 Winter,2014,Winter,Sochi,Figure Skating,Figure Skating Mixed Pairs,Silver
61264,Fyodor Aleksandrovich Klimov,M,23,181,NA,Russia,RUS,2014 Winter,2014,Winter,Sochi,Figure Skating,Figure Skating Mixed Team,Gold
61464,Sjinkie Knegt,M,24,172,70,Netherlands,NED,2014 Winter,2014,Winter,Sochi,Short Track Speed Skating,Short Track Speed Skating Men's 1 000 metres,Bronze
61501,Hilary Atwood Knight,F,24,180,79,United States,USA,2014 Winter,2014,Winter,Sochi,Ice Hockey,Ice Hockey Women's Ice Hockey,Silver
61692,Amelie Kober,F,26,168,56,Germany,GER,2014 Winter,2014,Winter,Sochi,Snowboarding,Snowboarding Women's Parallel Slalom,Bronze
62314,"Leonid ""Leo"" Komarov",M,27,180,90,Finland,FIN,2014 Winter,2014,Winter,Sochi,Ice Hockey,Ice Hockey Men's Ice Hockey,Bronze
62577,Petri Kontiola,M,29,182,92,Finland,FIN,2014 Winter,2014,Winter,Sochi,Ice Hockey,Ice Hockey Men's Ice Hockey,Bronze
62895,Lauri Korpikoski,M,27,185,88,Finland,FIN,2014 Winter,2014,Winter,Sochi,Ice Hockey,Ice Hockey Men's Ice Hockey,Bronze
63007,an Koir,M,29,184,77,Slovenia,SLO,2014 Winter,2014,Winter,Sochi,Snowboarding,Snowboarding Men's Parallel Giant Slalom,Bronze
63007,an Koir,M,29,184,77,Slovenia,SLO,2014 Winter,2014,Winter,Sochi,Snowboarding,Snowboarding Men's Parallel Slalom,Silver
63092,Ivica Kosteli,M,34,182,88,Croatia,CRO,2014 Winter,2014,Winter,Sochi,Alpine Skiing,Alpine Skiing Men's Combined,Silver
63125,Carolina Kostner,F,26,169,60,Italy,ITA,2014 Winter,2014,Winter,Sochi,Figure Skating,Figure Skating Women's Singles,Bronze
63232,Sage Kotsenburg,M,20,178,75,United States,USA,2014 Winter,2014,Winter,Sochi,Snowboarding,Snowboarding Men's Slopestyle,Gold
63507,Justyna Kowalczyk,F,31,173,59,Poland,POL,2014 Winter,2014,Winter,Sochi,Cross Country Skiing,Cross Country Skiing Women's 10 kilometres,Gold
63723,Sven Kramer,M,27,185,80,Netherlands,NED,2014 Winter,2014,Winter,Sochi,Speed Skating,Speed Skating Men's 5 000 metres,Gold
63723,Sven Kramer,M,27,185,80,Netherlands,NED,2014 Winter,2014,Winter,Sochi,Speed Skating,Speed Skating Men's 10 000 metres,Silver
63723,Sven Kramer,M,27,185,80,Netherlands,NED,2014 Winter,2014,Winter,Sochi,Speed Skating,Speed Skating Men's Team Pursuit (8 laps),Gold
63817,Pontus Sebastian Kraupp,M,28,183,79,Sweden,SWE,2014 Winter,2014,Winter,Sochi,Curling,Curling Men's Curling,Bronze
63826,Marinus Kraus,M,22,173,59,Germany,GER,2014 Winter,2014,Winter,Sochi,Ski Jumping,Ski Jumping Men's Large Hill  Team,Gold
64126,Henrik Kristoffersen,M,19,179,NA,Norway,NOR,2014 Winter,2014,Winter,Sochi,Alpine Skiing,Alpine Skiing Men's Slalom,Bronze
64205,Magnus Krog,M,26,187,NA,Norway,NOR,2014 Winter,2014,Winter,Sochi,Nordic Combined,Nordic Combined Men's Normal Hill / 10 km  Individual,Bronze
64205,Magnus Krog,M,26,187,NA,Norway,NOR,2014 Winter,2014,Winter,Sochi,Nordic Combined,Nordic Combined Men's Team,Gold
64265,Hans Niklas Kronwall,M,33,183,86,Sweden,SWE,2014 Winter,2014,Winter,Sochi,Ice Hockey,Ice Hockey Men's Ice Hockey,Silver
64337,Marcus Viktor Krger,M,23,182,82,Sweden,SWE,2014 Winter,2014,Winter,Sochi,Ice Hockey,Ice Hockey Men's Ice Hockey,Silver
64443,Nikita Valeryevich Kryukov,M,28,184,74,Russia,RUS,2014 Winter,2014,Winter,Sochi,Cross Country Skiing,Cross Country Skiing Men's Team Sprint,Silver
64778,Lasse Juhani Kukkonen,M,32,183,85,Finland,FIN,2014 Winter,2014,Winter,Sochi,Ice Hockey,Ice Hockey Men's Ice Hockey,Bronze
64936,Patrizia Kummer,F,26,172,70,Switzerland,SUI,2014 Winter,2014,Winter,Sochi,Snowboarding,Snowboarding Women's Parallel Giant Slalom,Gold
64986,"Christopher ""Chris"" Kunitz",M,34,183,88,Canada,CAN,2014 Winter,2014,Winter,Sochi,Ice Hockey,Ice Hockey Men's Ice Hockey,Gold
65033,Claudia Knzel-Nystad,F,36,168,58,Germany,GER,2014 Winter,2014,Winter,Sochi,Cross Country Skiing,Cross Country Skiing Women's 4 x 5 kilometres Relay,Bronze
65236,Anton Sergeyevich Kushnir,M,29,176,71,Belarus,BLR,2014 Winter,2014,Winter,Sochi,Freestyle Skiing,Freestyle Skiing Men's Aerials,Gold
65376,Anastasia Vladimirovna Kuzmina (Shipulina-),F,29,180,67,Slovakia,SVK,2014 Winter,2014,Winter,Sochi,Biathlon,Biathlon Women's 7.5 kilometres Sprint,Gold
65539,Anne Maria Kyllnen,F,26,173,61,Finland,FIN,2014 Winter,2014,Winter,Sochi,Cross Country Skiing,Cross Country Skiing Women's 4 x 5 kilometres Relay,Silver
65665,"Charline ""Charlie"" Labont",F,31,175,72,Canada,CAN,2014 Winter,2014,Winter,Sochi,Ice Hockey,Ice Hockey Women's Ice Hockey,Gold
65946,Krista Lhteenmki (-Prmkoski),F,23,160,57,Finland,FIN,2014 Winter,2014,Winter,Sochi,Cross Country Skiing,Cross Country Skiing Women's 4 x 5 kilometres Relay,Silver
66120,Kim Lamarre,F,25,165,54,Canada,CAN,2014 Winter,2014,Winter,Sochi,Freestyle Skiing,Freestyle Skiing Women's Slopestyle,Bronze
66233,Jocelyne Nicole Lamoureux,F,24,168,70,United States,USA,2014 Winter,2014,Winter,Sochi,Ice Hockey,Ice Hockey Women's Ice Hockey,Silver
66235,Monique Edith Lamoureux (-Kolls),F,24,168,70,United States,USA,2014 Winter,2014,Winter,Sochi,Ice Hockey,Ice Hockey Women's Ice Hockey,Silver
66305,Dominik Landertinger,M,26,188,75,Austria,AUT,2014 Winter,2014,Winter,Sochi,Biathlon,Biathlon Men's 10 kilometres Sprint,Silver
66305,Dominik Landertinger,M,26,188,75,Austria,AUT,2014 Winter,2014,Winter,Sochi,Biathlon,Biathlon Men's 4 x 7.5 kilometres Relay,Bronze
66307,Gabriel Ingemar John Landeskog,M,21,185,99,Sweden,SWE,2014 Winter,2014,Winter,Sochi,Ice Hockey,Ice Hockey Men's Ice Hockey,Silver
66524,"Steven Daniel ""Steve"" Langton",M,30,188,105,United States-1,USA,2014 Winter,2014,Winter,Sochi,Bobsleigh,Bobsleigh Men's Two,Bronze
66524,"Steven Daniel ""Steve"" Langton",M,30,188,105,United States-1,USA,2014 Winter,2014,Winter,Sochi,Bobsleigh,Bobsleigh Men's Four,Bronze
66741,Jocelyne Dawn Marie Larocque,F,25,170,63,Canada,CAN,2014 Winter,2014,Winter,Sochi,Ice Hockey,Ice Hockey Women's Ice Hockey,Gold
67295,Kaitlyn Lawes,F,25,160,53,Canada,CAN,2014 Winter,2014,Winter,Sochi,Curling,Curling Women's Curling,Gold
68103,Lee Sang-Hwa,F,24,165,62,South Korea,KOR,2014 Winter,2014,Winter,Sochi,Speed Skating,Speed Skating Women's 500 metres,Gold
68140,Lee Seung-Hun,M,25,178,70,South Korea,KOR,2014 Winter,2014,Winter,Sochi,Speed Skating,Speed Skating Men's Team Pursuit (8 laps),Silver
68244,Marrit Leenstra,F,24,170,59,Netherlands,NED,2014 Winter,2014,Winter,Sochi,Speed Skating,Speed Skating Women's Team Pursuit (6 laps),Gold
68324,Aleksandr Gennadyevich Legkov,M,30,177,65,Russia,RUS,2014 Winter,2014,Winter,Sochi,Cross Country Skiing,Cross Country Skiing Men's 50 kilometres,Gold
68324,Aleksandr Gennadyevich Legkov,M,30,177,65,Russia,RUS,2014 Winter,2014,Winter,Sochi,Cross Country Skiing,Cross Country Skiing Men's 4 x 10 kilometres Relay,Silver
68408,Jori Jonatan Lehter,M,26,187,97,Finland,FIN,2014 Winter,2014,Winter,Sochi,Ice Hockey,Ice Hockey Men's Ice Hockey,Bronze
68437,Kari Lehtonen,M,30,193,91,Finland,FIN,2014 Winter,2014,Winter,Sochi,Ice Hockey,Ice Hockey Men's Ice Hockey,Bronze
68857,Sami Lepist,M,29,186,85,Finland,FIN,2014 Winter,2014,Winter,Sochi,Ice Hockey,Ice Hockey Men's Ice Hockey,Bronze
69006,Erik Lesser,M,25,170,70,Germany,GER,2014 Winter,2014,Winter,Sochi,Biathlon,Biathlon Men's 20 kilometres,Silver
69006,Erik Lesser,M,25,170,70,Germany,GER,2014 Winter,2014,Winter,Sochi,Biathlon,Biathlon Men's 4 x 7.5 kilometres Relay,Silver
69397,Li Jianrou,F,27,160,55,China,CHN,2014 Winter,2014,Winter,Sochi,Short Track Speed Skating,Short Track Speed Skating Women's 500 metres,Gold
69796,"Theodore Sharp ""Ted"" Ligety",M,29,180,86,United States,USA,2014 Winter,2014,Winter,Sochi,Alpine Skiing,Alpine Skiing Men's Giant Slalom,Gold
70064,Bengt Fredrik Lindberg,M,28,179,76,Sweden,SWE,2014 Winter,2014,Winter,Sochi,Curling,Curling Men's Curling,Bronze
70312,Andreas Linger,M,32,184,85,Austria-1,AUT,2014 Winter,2014,Winter,Sochi,Luge,Luge Mixed (Men)'s Doubles,Silver
70313,Wolfgang Linger,M,31,177,75,Austria-1,AUT,2014 Winter,2014,Winter,Sochi,Luge,Luge Mixed (Men)'s Doubles,Silver
70401,Yuliya Vyacheslavovna Lipnitskaya,F,15,158,NA,Russia,RUS,2014 Winter,2014,Winter,Sochi,Figure Skating,Figure Skating Mixed Team,Gold
70941,Yekaterina Aleksandrovna Lobysheva,F,28,178,69,Russia,RUS,2014 Winter,2014,Winter,Sochi,Speed Skating,Speed Skating Women's Team Pursuit (6 laps),Bronze
70950,Felix Loch,M,24,190,90,Germany,GER,2014 Winter,2014,Winter,Sochi,Luge,Luge Men's Singles,Gold
70950,Felix Loch,M,24,190,90,Germany,GER,2014 Winter,2014,Winter,Sochi,Luge,Luge Mixed Team Relay,Gold
71033,Devin Logan,F,20,178,82,United States,USA,2014 Winter,2014,Winter,Sochi,Freestyle Skiing,Freestyle Skiing Women's Slopestyle,Silver
72346,Bjrn Henrik Lundqvist,M,31,185,87,Sweden,SWE,2014 Winter,2014,Winter,Sochi,Ice Hockey,Ice Hockey Men's Ice Hockey,Silver
72407,Roberto Luongo,M,34,190,93,Canada,CAN,2014 Winter,2014,Winter,Sochi,Ice Hockey,Ice Hockey Men's Ice Hockey,Gold
72520,Jessica Lutz,F,24,174,65,Switzerland,SUI,2014 Winter,2014,Winter,Sochi,Ice Hockey,Ice Hockey Women's Ice Hockey,Bronze
72798,Olli Mtt,M,19,187,89,Finland,FIN,2014 Winter,2014,Winter,Sochi,Ice Hockey,Ice Hockey Men's Ice Hockey,Bronze
74175,Jordan Malone,M,29,168,62,United States,USA,2014 Winter,2014,Winter,Sochi,Short Track Speed Skating,Short Track Speed Skating Men's 5 000 metres Relay,Silver
74201,Dominique Maltais,F,33,178,71,Canada,CAN,2014 Winter,2014,Winter,Sochi,Snowboarding,Snowboarding Women's Boardercross,Silver
74202,Valrie Maltais,F,23,165,62,Canada,CAN,2014 Winter,2014,Winter,Sochi,Short Track Speed Skating,Short Track Speed Skating Women's 3 000 metres Relay,Silver
74228,Dmitry Vladimirovich Malyshko,M,26,184,77,Russia,RUS,2014 Winter,2014,Winter,Sochi,Biathlon,Biathlon Men's 4 x 7.5 kilometres Relay,Gold
74318,Julia Marie Mancuso (-Fish),F,29,168,64,United States,USA,2014 Winter,2014,Winter,Sochi,Alpine Skiing,Alpine Skiing Women's Combined,Bronze
74460,Maurice Manificat,M,27,185,72,France,FRA,2014 Winter,2014,Winter,Sochi,Cross Country Skiing,Cross Country Skiing Men's 4 x 10 kilometres Relay,Bronze
75239,Patrick Denis Marleau,M,34,188,95,Canada,CAN,2014 Winter,2014,Winter,Sochi,Ice Hockey,Ice Hockey Men's Ice Hockey,Gold
75872,Marie Martinod,F,29,158,48,France,FRA,2014 Winter,2014,Winter,Sochi,Freestyle Skiing,Freestyle Skiing Women's Halfpipe,Silver
75959,Julia Marty,F,25,169,69,Switzerland,SUI,2014 Winter,2014,Winter,Sochi,Ice Hockey,Ice Hockey Women's Ice Hockey,Bronze
75962,Stefanie Marty,F,25,168,72,Switzerland,SUI,2014 Winter,2014,Winter,Sochi,Ice Hockey,Ice Hockey Women's Ice Hockey,Bronze
76010,"Gisle Marie ""Gigi"" Marvin",F,26,173,75,United States,USA,2014 Winter,2014,Winter,Sochi,Ice Hockey,Ice Hockey Women's Ice Hockey,Silver
76635,Mario Matt,M,34,190,90,Austria,AUT,2014 Winter,2014,Winter,Sochi,Alpine Skiing,Alpine Skiing Men's Slalom,Gold
76645,Coline Mattel,F,18,165,57,France,FRA,2014 Winter,2014,Winter,Sochi,Ski Jumping,Ski Jumping Women's Normal Hill  Individual,Bronze
76991,Matthias Mayer,M,23,179,87,Austria,AUT,2014 Winter,2014,Winter,Sochi,Alpine Skiing,Alpine Skiing Men's Downhill,Gold
77079,"Klementina ""Tina"" Maze",F,30,172,68,Slovenia,SLO,2014 Winter,2014,Winter,Sochi,Alpine Skiing,Alpine Skiing Women's Downhill,Gold
77079,"Klementina ""Tina"" Maze",F,30,172,68,Slovenia,SLO,2014 Winter,2014,Winter,Sochi,Alpine Skiing,Alpine Skiing Women's Giant Slalom,Gold
77510,Dawn McEwen (Askin-),F,33,162,61,Canada,CAN,2014 Winter,2014,Winter,Sochi,Curling,Curling Women's Curling,Gold
77881,Mark McMorris,M,20,180,72,Canada,CAN,2014 Winter,2014,Winter,Sochi,Snowboarding,Snowboarding Men's Slopestyle,Bronze
78383,Oskars Melbrdis,M,25,189,95,Latvia-1,LAT,2014 Winter,2014,Winter,Sochi,Bobsleigh,Bobsleigh Men's Four,Silver
79041,Daniel Mesotitsch,M,37,180,78,Austria,AUT,2014 Winter,2014,Winter,Sochi,Biathlon,Biathlon Men's 4 x 7.5 kilometres Relay,Bronze
79244,Elana Alessandra Meyers (-Taylor),F,29,170,82,United States-1,USA,2014 Winter,2014,Winter,Sochi,Bobsleigh,Bobsleigh Women's Two,Silver
79492,Jonathan Midol,M,26,184,86,France,FRA,2014 Winter,2014,Winter,Sochi,Freestyle Skiing,Freestyle Skiing Men's Ski Cross,Bronze
79680,Meaghan Mikkelson,F,29,175,67,Canada,CAN,2014 Winter,2014,Winter,Sochi,Ice Hockey,Ice Hockey Women's Ice Hockey,Gold
79875,Samuel Bode Miller,M,36,188,91,United States,USA,2014 Winter,2014,Winter,Sochi,Alpine Skiing,Alpine Skiing Men's Super G,Bronze
80367,Steve Missillier,M,29,186,80,France,FRA,2014 Winter,2014,Winter,Sochi,Alpine Skiing,Alpine Skiing Men's Giant Slalom,Silver
80725,Magnus Hovdal Moan,M,30,189,74,Norway,NOR,2014 Winter,2014,Winter,Sochi,Nordic Combined,Nordic Combined Men's Large Hill / 10 km  Individual,Silver
80725,Magnus Hovdal Moan,M,30,189,74,Norway,NOR,2014 Winter,2014,Winter,Sochi,Nordic Combined,Nordic Combined Men's Team,Gold
81017,Scott Patrick Moir,M,26,168,75,Canada-1,CAN,2014 Winter,2014,Winter,Sochi,Figure Skating,Figure Skating Mixed Ice Dancing,Silver
81017,Scott Patrick Moir,M,26,168,75,Canada,CAN,2014 Winter,2014,Winter,Sochi,Figure Skating,Figure Skating Mixed Team,Silver
81689,Kirsten Moore-Towers,F,21,149,45,Canada,CAN,2014 Winter,2014,Winter,Sochi,Figure Skating,Figure Skating Mixed Team,Silver
81846,Ondej Moravec,M,29,181,72,Czech Republic,CZE,2014 Winter,2014,Winter,Sochi,Biathlon,Biathlon Mixed 2 x 6 kilometres and 2 x 7.5 kilometres Relay,Silver
81846,Ondej Moravec,M,29,181,72,Czech Republic,CZE,2014 Winter,2014,Winter,Sochi,Biathlon,Biathlon Men's 12.5 kilometres Pursuit,Silver
81846,Ondej Moravec,M,29,181,72,Czech Republic,CZE,2014 Winter,2014,Winter,Sochi,Biathlon,Biathlon Men's 15 kilometres Mass Start,Bronze
82059,Thomas Morgenstern,M,27,184,67,Austria,AUT,2014 Winter,2014,Winter,Sochi,Ski Jumping,Ski Jumping Men's Large Hill  Team,Silver
82243,David John Morris,M,29,171,67,Australia,AUS,2014 Winter,2014,Winter,Sochi,Freestyle Skiing,Freestyle Skiing Men's Aerials,Silver
82287,Denny Morrison,M,28,183,81,Canada,CAN,2014 Winter,2014,Winter,Sochi,Speed Skating,Speed Skating Men's 1 000 metres,Silver
82287,Denny Morrison,M,28,183,81,Canada,CAN,2014 Winter,2014,Winter,Sochi,Speed Skating,Speed Skating Men's 1 500 metres,Bronze
82381,Dylan Moscovitch,M,29,177,78,Canada,CAN,2014 Winter,2014,Winter,Sochi,Figure Skating,Figure Skating Mixed Team,Silver
82726,Heather Moyse,F,35,178,72,Canada-1,CAN,2014 Winter,2014,Winter,Sochi,Bobsleigh,Bobsleigh Women's Two,Gold
82932,Eve Muirhead,F,23,173,66,Great Britain,GBR,2014 Winter,2014,Winter,Sochi,Curling,Curling Women's Curling,Bronze
82993,Michel Theodoor Mulder,M,27,184,82,Netherlands,NED,2014 Winter,2014,Winter,Sochi,Speed Skating,Speed Skating Men's 500 metres,Gold
82993,Michel Theodoor Mulder,M,27,184,82,Netherlands,NED,2014 Winter,2014,Winter,Sochi,Speed Skating,Speed Skating Men's 1 000 metres,Bronze
82994,Ronald Matthias Mulder,M,27,185,80,Netherlands,NED,2014 Winter,2014,Winter,Sochi,Speed Skating,Speed Skating Men's 500 metres,Bronze
83036,Alina Mller,F,15,162,50,Switzerland,SUI,2014 Winter,2014,Winter,Sochi,Ice Hockey,Ice Hockey Women's Ice Hockey,Bronze
83467,David Murdoch,M,35,177,76,Great Britain,GBR,2014 Winter,2014,Winter,Sochi,Curling,Curling Men's Curling,Silver
83982,Katrin Nabholz,F,27,168,56,Switzerland,SUI,2014 Winter,2014,Winter,Sochi,Ice Hockey,Ice Hockey Women's Ice Hockey,Bronze
84605,Rick McLaren Nash,M,29,193,93,Canada,CAN,2014 Winter,2014,Winter,Sochi,Ice Hockey,Ice Hockey Men's Ice Hockey,Gold
85076,Aleksey Aleksandrovich Negodaylo,M,24,189,98,Russia-1,RUS,2014 Winter,2014,Winter,Sochi,Bobsleigh,Bobsleigh Men's Four,Gold
85205,Lars Fredrik Nelson,M,28,180,77,Sweden,SWE,2014 Winter,2014,Winter,Sochi,Cross Country Skiing,Cross Country Skiing Men's 4 x 10 kilometres Relay,Gold
85933,Konrad ukasz Niedwiedzki,M,29,180,80,Poland,POL,2014 Winter,2014,Winter,Sochi,Speed Skating,Speed Skating Men's Team Pursuit (8 laps),Bronze
86221,Yelena Valeryevna Nikitina,F,21,169,57,Russia,RUS,2014 Winter,2014,Winter,Sochi,Skeleton,Skeleton Women's Skeleton,Bronze
86427,Tpp Karin Stina Nilsson,F,20,174,68,Sweden,SWE,2014 Winter,2014,Winter,Sochi,Cross Country Skiing,Cross Country Skiing Women's Team Sprint,Bronze
86532,Iivo Henrik Niskanen,M,22,187,80,Finland,FIN,2014 Winter,2014,Winter,Sochi,Cross Country Skiing,Cross Country Skiing Men's Team Sprint,Gold
86533,Kerttu Elina Niskanen,F,25,172,58,Finland,FIN,2014 Winter,2014,Winter,Sochi,Cross Country Skiing,Cross Country Skiing Women's 4 x 5 kilometres Relay,Silver
86533,Kerttu Elina Niskanen,F,25,172,58,Finland,FIN,2014 Winter,2014,Winter,Sochi,Cross Country Skiing,Cross Country Skiing Women's Team Sprint,Silver
87555,Gustav Bo Nils Nyquist,M,24,180,84,Sweden,SWE,2014 Winter,2014,Winter,Sochi,Ice Hockey,Ice Hockey Men's Ice Hockey,Silver
87736,Karin Oberhofer,F,28,165,58,Italy,ITA,2014 Winter,2014,Winter,Sochi,Biathlon,Biathlon Mixed 2 x 6 kilometres and 2 x 7.5 kilometres Relay,Bronze
88040,David Johnny Oduya,M,32,183,86,Sweden,SWE,2014 Winter,2014,Winter,Sochi,Ice Hockey,Ice Hockey Men's Ice Hockey,Silver
88102,Jill Officer Hinchey,F,38,177,72,Canada,CAN,2014 Winter,2014,Winter,Sochi,Curling,Curling Women's Curling,Gold
88969,Johan Arne Olsson,M,33,181,70,Sweden,SWE,2014 Winter,2014,Winter,Sochi,Cross Country Skiing,Cross Country Skiing Men's 15 kilometres,Silver
88969,Johan Arne Olsson,M,33,181,70,Sweden,SWE,2014 Winter,2014,Winter,Sochi,Cross Country Skiing,Cross Country Skiing Men's 4 x 10 kilometres Relay,Gold
89028,Nikolay Igorevich Olyunin,M,22,180,84,Russia,RUS,2014 Winter,2014,Winter,Sochi,Snowboarding,Snowboarding Men's Boardercross,Silver
89207,Ayana Onozuka,F,25,158,50,Japan,JPN,2014 Winter,2014,Winter,Sochi,Freestyle Skiing,Freestyle Skiing Women's Halfpipe,Bronze
89787,Kaetlyn Osmond,F,18,163,55,Canada,CAN,2014 Winter,2014,Winter,Sochi,Figure Skating,Figure Skating Mixed Team,Silver
89896,Ingvild Flugstad stberg,F,23,165,NA,Norway,NOR,2014 Winter,2014,Winter,Sochi,Cross Country Skiing,Cross Country Skiing Women's Sprint,Silver
89896,Ingvild Flugstad stberg,F,23,165,NA,Norway,NOR,2014 Winter,2014,Winter,Sochi,Cross Country Skiing,Cross Country Skiing Women's Team Sprint,Gold
90081,Caroline Ouellette,F,34,180,77,Canada,CAN,2014 Winter,2014,Winter,Sochi,Ice Hockey,Ice Hockey Women's Ice Hockey,Gold
91605,Park Seung-Hui,F,21,168,58,South Korea,KOR,2014 Winter,2014,Winter,Sochi,Short Track Speed Skating,Short Track Speed Skating Women's 500 metres,Bronze
91605,Park Seung-Hui,F,21,168,58,South Korea,KOR,2014 Winter,2014,Winter,Sochi,Short Track Speed Skating,Short Track Speed Skating Women's 1 000 metres,Gold
91605,Park Seung-Hui,F,21,168,58,South Korea,KOR,2014 Winter,2014,Winter,Sochi,Short Track Speed Skating,Short Track Speed Skating Women's 3 000 metres Relay,Gold
92760,Arnd Peiffer,M,26,185,80,Germany,GER,2014 Winter,2014,Winter,Sochi,Biathlon,Biathlon Men's 4 x 7.5 kilometres Relay,Silver
93242,Lucia Peretti,F,23,163,50,Italy,ITA,2014 Winter,2014,Winter,Sochi,Short Track Speed Skating,Short Track Speed Skating Women's 3 000 metres Relay,Bronze
93555,Ivan Perrillat Boiteux,M,28,172,64,France,FRA,2014 Winter,2014,Winter,Sochi,Cross Country Skiing,Cross Country Skiing Men's 4 x 10 kilometres Relay,Bronze
93592,Corey Perry,M,28,190,95,Canada,CAN,2014 Winter,2014,Winter,Sochi,Ice Hockey,Ice Hockey Men's Ice Hockey,Gold
93934,Teodor Anders Peterson,M,25,186,79,Sweden,SWE,2014 Winter,2014,Winter,Sochi,Cross Country Skiing,Cross Country Skiing Men's Sprint,Silver
93934,Teodor Anders Peterson,M,25,186,79,Sweden,SWE,2014 Winter,2014,Winter,Sochi,Cross Country Skiing,Cross Country Skiing Men's Team Sprint,Bronze
94575,Michelle Picard,F,20,163,68,United States,USA,2014 Winter,2014,Winter,Sochi,Ice Hockey,Ice Hockey Women's Ice Hockey,Silver
94648,Olena Mykhailivna Pidhrushna,F,27,176,65,Ukraine,UKR,2014 Winter,2014,Winter,Sochi,Biathlon,Biathlon Women's 4 x 6 kilometres Relay,Gold
94761,"Alexander ""Alex"" Pietrangelo",M,24,190,96,Canada,CAN,2014 Winter,2014,Winter,Sochi,Ice Hockey,Ice Hockey Men's Ice Hockey,Gold
94816,Antti Sakari Pihlstrm,M,29,180,82,Finland,FIN,2014 Winter,2014,Winter,Sochi,Ice Hockey,Ice Hockey Men's Ice Hockey,Bronze
94846,Noelle Pikus-Pace,F,31,178,73,United States,USA,2014 Winter,2014,Winter,Sochi,Skeleton,Skeleton Women's Skeleton,Silver
95067,Alexis Pinturault,M,22,180,80,France,FRA,2014 Winter,2014,Winter,Sochi,Alpine Skiing,Alpine Skiing Men's Giant Slalom,Bronze
95546,Yevgeny Viktorovich Plyushchenko,M,31,178,72,Russia,RUS,2014 Winter,2014,Winter,Sochi,Figure Skating,Figure Skating Mixed Team,Gold
95601,Iouri Aleksandrovich Podladtchikov,M,25,184,76,Switzerland,SUI,2014 Winter,2014,Winter,Sochi,Snowboarding,Snowboarding Men's Halfpipe,Gold
96539,Marie-Philip Poulin,F,22,169,72,Canada,CAN,2014 Winter,2014,Winter,Sochi,Ice Hockey,Ice Hockey Women's Ice Hockey,Gold
96910,Peter Prevc,M,21,169,56,Slovenia,SLO,2014 Winter,2014,Winter,Sochi,Ski Jumping,Ski Jumping Men's Normal Hill  Individual,Silver
96910,Peter Prevc,M,21,169,56,Slovenia,SLO,2014 Winter,2014,Winter,Sochi,Ski Jumping,Ski Jumping Men's Large Hill  Individual,Bronze
96936,Carey Price,M,26,191,100,Canada,CAN,2014 Winter,2014,Winter,Sochi,Ice Hockey,Ice Hockey Men's Ice Hockey,Gold
97319,Anna Maria Prytz,F,37,170,69,Sweden,SWE,2014 Winter,2014,Winter,Sochi,Curling,Curling Women's Curling,Silver
97372,Josephine Pucci,F,23,173,68,United States,USA,2014 Winter,2014,Winter,Sochi,Ice Hockey,Ice Hockey Women's Ice Hockey,Silver
98141,Eric Radford,M,29,188,86,Canada,CAN,2014 Winter,2014,Winter,Sochi,Figure Skating,Figure Skating Mixed Team,Silver
98956,Evelina Raselli,F,21,170,64,Switzerland,SUI,2014 Winter,2014,Winter,Sochi,Ice Hockey,Ice Hockey Women's Ice Hockey,Bronze
98989,Tuukka Mikael Rask,M,26,187,80,Finland,FIN,2014 Winter,2014,Winter,Sochi,Ice Hockey,Ice Hockey Men's Ice Hockey,Bronze
99394,Viktoria Rebensburg,F,24,170,67,Germany,GER,2014 Winter,2014,Winter,Sochi,Alpine Skiing,Alpine Skiing Women's Giant Slalom,Bronze
100262,Kevin Reynolds,M,23,177,60,Canada,CAN,2014 Winter,2014,Winter,Sochi,Figure Skating,Figure Skating Mixed Team,Silver
100568,Jan Olof Daniel Richardsson,M,31,192,85,Sweden,SWE,2014 Winter,2014,Winter,Sochi,Cross Country Skiing,Cross Country Skiing Men's 15 kilometres,Bronze
100568,Jan Olof Daniel Richardsson,M,31,192,85,Sweden,SWE,2014 Winter,2014,Winter,Sochi,Cross Country Skiing,Cross Country Skiing Men's 4 x 10 kilometres Relay,Gold
100655,"Michael ""Mike"" Riddle",M,27,182,82,Canada,CAN,2014 Winter,2014,Winter,Sochi,Freestyle Skiing,Freestyle Skiing Men's Halfpipe,Silver
100764,Fabian Riele,M,23,172,62,Germany,GER,2014 Winter,2014,Winter,Sochi,Nordic Combined,Nordic Combined Men's Large Hill / 10 km  Individual,Bronze
100764,Fabian Riele,M,23,172,62,Germany,GER,2014 Winter,2014,Winter,Sochi,Nordic Combined,Nordic Combined Men's Team,Silver
102157,Kevin Rolland,M,24,178,65,France,FRA,2014 Winter,2014,Winter,Sochi,Freestyle Skiing,Freestyle Skiing Men's Halfpipe,Bronze
102260,Yana Sergeyevna Romanova,F,30,166,61,Russia,RUS,2014 Winter,2014,Winter,Sochi,Biathlon,Biathlon Women's 4 x 6 kilometres Relay,Silver
102933,Lauriane Rougeau,F,23,173,75,Canada,CAN,2014 Winter,2014,Winter,Sochi,Ice Hockey,Ice Hockey Women's Ice Hockey,Gold
103176,Mrti Rubenis,M,35,184,90,Latvia,LAT,2014 Winter,2014,Winter,Sochi,Luge,Luge Mixed Team Relay,Bronze
103439,Enni Eriika  Rukajrvi,F,23,165,54,Finland,FIN,2014 Winter,2014,Winter,Sochi,Snowboarding,Snowboarding Women's Slopestyle,Silver
103725,Tuomo Iisakki Ruutu,M,30,182,89,Finland,FIN,2014 Winter,2014,Winter,Sochi,Ice Hockey,Ice Hockey Men's Ice Hockey,Bronze
103861,Johannes Rydzek,M,22,178,60,Germany,GER,2014 Winter,2014,Winter,Sochi,Nordic Combined,Nordic Combined Men's Team,Silver
103975,Aino-Kaisa Saarinen,F,35,166,58,Finland,FIN,2014 Winter,2014,Winter,Sochi,Cross Country Skiing,Cross Country Skiing Women's 4 x 5 kilometres Relay,Silver
103975,Aino-Kaisa Saarinen,F,35,166,58,Finland,FIN,2014 Winter,2014,Winter,Sochi,Cross Country Skiing,Cross Country Skiing Women's Team Sprint,Silver
104048,Martina Sblkov,F,26,171,53,Czech Republic,CZE,2014 Winter,2014,Winter,Sochi,Speed Skating,Speed Skating Women's 3 000 metres,Silver
104048,Martina Sblkov,F,26,171,53,Czech Republic,CZE,2014 Winter,2014,Winter,Sochi,Speed Skating,Speed Skating Women's 5 000 metres,Gold
104809,Sakari Jalmari Salminen,M,25,170,72,Finland,FIN,2014 Winter,2014,Winter,Sochi,Ice Hockey,Ice Hockey Men's Ice Hockey,Bronze
104834,Sami Sakari Salo,M,39,190,93,Finland,FIN,2014 Winter,2014,Winter,Sochi,Ice Hockey,Ice Hockey Men's Ice Hockey,Bronze
104994,Eva Samkov,F,20,171,68,Czech Republic,CZE,2014 Winter,2014,Winter,Sochi,Snowboarding,Snowboarding Women's Boardercross,Gold
105276,Stle Sandbech,M,20,170,NA,Norway,NOR,2014 Winter,2014,Winter,Sochi,Snowboarding,Snowboarding Men's Slopestyle,Silver
106347,Aljona Sawtchenko,F,30,153,48,Germany-1,GER,2014 Winter,2014,Winter,Sochi,Figure Skating,Figure Skating Mixed Pairs,Bronze
106644,Molly Patricia Schaus,F,25,175,71,United States,USA,2014 Winter,2014,Winter,Sochi,Ice Hockey,Ice Hockey Women's Ice Hockey,Silver
106715,Florence Schelling,F,24,174,65,Switzerland,SUI,2014 Winter,2014,Winter,Sochi,Ice Hockey,Ice Hockey Women's Ice Hockey,Bronze
106721,Simon Schempp,M,25,178,68,Germany,GER,2014 Winter,2014,Winter,Sochi,Biathlon,Biathlon Men's 4 x 7.5 kilometres Relay,Silver
106861,Marlies Schild (-Raich),F,32,172,66,Austria,AUT,2014 Winter,2014,Winter,Sochi,Alpine Skiing,Alpine Skiing Women's Slalom,Silver
106968,Anne Kathryn Schleper,F,24,178,77,United States,USA,2014 Winter,2014,Winter,Sochi,Ice Hockey,Ice Hockey Women's Ice Hockey,Silver
106981,Gregor Schlierenzauer,M,24,182,64,Austria,AUT,2014 Winter,2014,Winter,Sochi,Ski Jumping,Ski Jumping Men's Large Hill  Team,Silver
108162,Erik Daniel Sedin,M,33,185,85,Sweden,SWE,2014 Winter,2014,Winter,Sochi,Ice Hockey,Ice Hockey Men's Ice Hockey,Silver
108422,Teemu Ilmari Selnne,M,43,182,91,Finland,FIN,2014 Winter,2014,Winter,Sochi,Ice Hockey,Ice Hockey Men's Ice Hockey,Bronze
108540,"Valentyna Oleksandrivna ""Valj"" Semerenko",F,28,161,54,Ukraine,UKR,2014 Winter,2014,Winter,Sochi,Biathlon,Biathlon Women's 4 x 6 kilometres Relay,Gold
108541,"Viktoriya Oleksandrivna ""Vita"" Semerenko",F,28,162,58,Ukraine,UKR,2014 Winter,2014,Winter,Sochi,Biathlon,Biathlon Women's 7.5 kilometres Sprint,Bronze
108541,"Viktoriya Oleksandrivna ""Vita"" Semerenko",F,28,162,58,Ukraine,UKR,2014 Winter,2014,Winter,Sochi,Biathlon,Biathlon Women's 4 x 6 kilometres Relay,Gold
108924,Kelsey Serwa,F,24,168,62,Canada,CAN,2014 Winter,2014,Winter,Sochi,Freestyle Skiing,Freestyle Skiing Women's Ski Cross,Silver
109321,Patrick Sharp,M,32,185,89,Canada,CAN,2014 Winter,2014,Winter,Sochi,Ice Hockey,Ice Hockey Men's Ice Hockey,Gold
109677,Shi Jingnan,M,19,175,66,China,CHN,2014 Winter,2014,Winter,Sochi,Short Track Speed Skating,Short Track Speed Skating Men's 5 000 metres Relay,Bronze
109730,Mikaela Pauline Shiffrin,F,18,170,64,United States,USA,2014 Winter,2014,Winter,Sochi,Alpine Skiing,Alpine Skiing Women's Slalom,Gold
109742,Yekaterina Vladimirovna Shikhova,F,28,172,63,Russia,RUS,2014 Winter,2014,Winter,Sochi,Speed Skating,Speed Skating Women's Team Pursuit (6 laps),Bronze
109758,Shim Seok-Hui,F,17,173,56,South Korea,KOR,2014 Winter,2014,Winter,Sochi,Short Track Speed Skating,Short Track Speed Skating Women's 1 000 metres,Bronze
109758,Shim Seok-Hui,F,17,173,56,South Korea,KOR,2014 Winter,2014,Winter,Sochi,Short Track Speed Skating,Short Track Speed Skating Women's 1 500 metres,Silver
109758,Shim Seok-Hui,F,17,173,56,South Korea,KOR,2014 Winter,2014,Winter,Sochi,Short Track Speed Skating,Short Track Speed Skating Women's 3 000 metres Relay,Gold
109789,Reruhi Shimizu,M,20,172,59,Japan,JPN,2014 Winter,2014,Winter,Sochi,Ski Jumping,Ski Jumping Men's Large Hill  Team,Bronze
109863,Anton Vladimirovich Shipulin,M,26,185,82,Russia,RUS,2014 Winter,2014,Winter,Sochi,Biathlon,Biathlon Men's 4 x 7.5 kilometres Relay,Gold
109956,Simon Shnapir,M,26,193,86,United States,USA,2014 Winter,2014,Winter,Sochi,Figure Skating,Figure Skating Mixed Team,Bronze
110077,Yekaterina Yevgenyevna Shumilova,F,27,173,57,Russia,RUS,2014 Winter,2014,Winter,Sochi,Biathlon,Biathlon Women's 4 x 6 kilometres Relay,Silver
110173,Andris ics,M,28,180,90,Latvia-1,LAT,2014 Winter,2014,Winter,Sochi,Luge,Luge Mixed (Men)'s Doubles,Bronze
110173,Andris ics,M,28,180,90,Latvia,LAT,2014 Winter,2014,Winter,Sochi,Luge,Luge Mixed Team Relay,Bronze
110174,Juris ics,M,30,174,82,Latvia-1,LAT,2014 Winter,2014,Winter,Sochi,Luge,Luge Mixed (Men)'s Doubles,Bronze
110174,Juris ics,M,30,174,82,Latvia,LAT,2014 Winter,2014,Winter,Sochi,Luge,Luge Mixed Team Relay,Bronze
110335,Lilli Margaretha Sigfridsson,F,38,169,NA,Sweden,SWE,2014 Winter,2014,Winter,Sochi,Curling,Curling Women's Curling,Silver
110443,Erik Jakob Silfverberg (Ekstrm-),M,23,186,91,Sweden,SWE,2014 Winter,2014,Winter,Sochi,Ice Hockey,Ice Hockey Men's Ice Hockey,Silver
111598,Nadezhda Valeryevna Skardino,F,28,160,49,Belarus,BLR,2014 Winter,2014,Winter,Sochi,Biathlon,Biathlon Women's 15 kilometres,Bronze
111723,Yuliya Igorevna Skokova,F,31,175,71,Russia,RUS,2014 Winter,2014,Winter,Sochi,Speed Skating,Speed Skating Women's Team Pursuit (6 laps),Bronze
111973,Anna Sloan,F,23,160,62,Great Britain,GBR,2014 Winter,2014,Winter,Sochi,Curling,Curling Women's Curling,Bronze
112086,"Johannes Adrianus Albertus ""Jan"" Smeekens",M,26,176,72,Netherlands,NED,2014 Winter,2014,Winter,Sochi,Speed Skating,Speed Skating Men's 500 metres,Silver
112516,Aleksandr Aleksandrovich Smyshlyayev,M,26,170,74,Russia,RUS,2014 Winter,2014,Winter,Sochi,Freestyle Skiing,Freestyle Skiing Men's Moguls,Bronze
113352,Adelina Dmitriyevna Sotnikova,F,17,163,NA,Russia,RUS,2014 Winter,2014,Winter,Sochi,Figure Skating,Figure Skating Women's Singles,Gold
113417,Gabriela Soukalov (-Koukalov),F,24,170,62,Czech Republic,CZE,2014 Winter,2014,Winter,Sochi,Biathlon,Biathlon Mixed 2 x 6 kilometres and 2 x 7.5 kilometres Relay,Silver
113417,Gabriela Soukalov (-Koukalov),F,24,170,62,Czech Republic,CZE,2014 Winter,2014,Winter,Sochi,Biathlon,Biathlon Women's 12.5 kilometres Mass Start,Silver
113421,Jaroslav Soukup,M,31,183,66,Czech Republic,CZE,2014 Winter,2014,Winter,Sochi,Biathlon,Biathlon Men's 10 kilometres Sprint,Bronze
113421,Jaroslav Soukup,M,31,183,66,Czech Republic,CZE,2014 Winter,2014,Winter,Sochi,Biathlon,Biathlon Mixed 2 x 6 kilometres and 2 x 7.5 kilometres Relay,Silver
113511,Dmitry Vladimirovich Sovolyov,M,24,183,74,Russia,RUS,2014 Winter,2014,Winter,Sochi,Figure Skating,Figure Skating Mixed Team,Gold
113937,Natalie Marie Spooner,F,23,178,80,Canada,CAN,2014 Winter,2014,Winter,Sochi,Ice Hockey,Ice Hockey Women's Ice Hockey,Gold
114084,Marianne St-Gelais,F,23,163,62,Canada,CAN,2014 Winter,2014,Winter,Sochi,Short Track Speed Skating,Short Track Speed Skating Women's 3 000 metres Relay,Silver
114099,Martin St. Louis,M,38,176,84,Canada,CAN,2014 Winter,2014,Winter,Sochi,Ice Hockey,Ice Hockey Men's Ice Hockey,Gold
114133,Kelli Allison Stack,F,26,165,62,United States,USA,2014 Winter,2014,Winter,Sochi,Ice Hockey,Ice Hockey Women's Ice Hockey,Silver
114213,Lara Stalder,F,19,166,60,Switzerland,SUI,2014 Winter,2014,Winter,Sochi,Ice Hockey,Ice Hockey Women's Ice Hockey,Bronze
114387,Phoebe Stanz,F,20,163,62,Switzerland,SUI,2014 Winter,2014,Winter,Sochi,Ice Hockey,Ice Hockey Women's Ice Hockey,Bronze
114572,Mario Stecher,M,36,177,62,Austria,AUT,2014 Winter,2014,Winter,Sochi,Nordic Combined,Nordic Combined Men's Team,Bronze
114577,Lee Ethel Stecklein,F,19,183,77,United States,USA,2014 Winter,2014,Winter,Sochi,Ice Hockey,Ice Hockey Women's Ice Hockey,Silver
114609,Alexander Lennart Steen,M,29,182,95,Sweden,SWE,2014 Winter,2014,Winter,Sochi,Ice Hockey,Ice Hockey Men's Ice Hockey,Silver
114859,Kristin Strmer Steira,F,32,169,53,Norway,NOR,2014 Winter,2014,Winter,Sochi,Cross Country Skiing,Cross Country Skiing Women's 30 kilometres,Bronze
115213,Anja Stiefel,F,23,160,60,Switzerland,SUI,2014 Winter,2014,Winter,Sochi,Ice Hockey,Ice Hockey Women's Ice Hockey,Bronze
115287,Kamil Wiktor Stoch,M,26,173,53,Poland,POL,2014 Winter,2014,Winter,Sochi,Ski Jumping,Ski Jumping Men's Normal Hill  Individual,Gold
115287,Kamil Wiktor Stoch,M,26,173,53,Poland,POL,2014 Winter,2014,Winter,Sochi,Ski Jumping,Ski Jumping Men's Large Hill  Individual,Gold
115419,Kseniya Andreyevna Stolbova,F,21,158,NA,Russia-2,RUS,2014 Winter,2014,Winter,Sochi,Figure Skating,Figure Skating Mixed Pairs,Silver
115419,Kseniya Andreyevna Stolbova,F,21,158,NA,Russia,RUS,2014 Winter,2014,Winter,Sochi,Figure Skating,Figure Skating Mixed Team,Gold
115753,Jnis Strenga,M,28,183,92,Latvia-1,LAT,2014 Winter,2014,Winter,Sochi,Bobsleigh,Bobsleigh Men's Four,Silver
116122,"Pernell Karl ""PK"" Subban",M,24,183,98,Canada,CAN,2014 Winter,2014,Winter,Sochi,Ice Hockey,Ice Hockey Men's Ice Hockey,Gold
116413,Christoph Sumann,M,38,182,80,Austria,AUT,2014 Winter,2014,Winter,Sochi,Biathlon,Biathlon Men's 4 x 7.5 kilometres Relay,Bronze
116539,Martin Johnsrud Sundby,M,29,174,72,Norway,NOR,2014 Winter,2014,Winter,Sochi,Cross Country Skiing,Cross Country Skiing Men's 30 km Skiathlon,Bronze
116916,Emil Hegle Svendsen,M,28,185,77,Norway,NOR,2014 Winter,2014,Winter,Sochi,Biathlon,Biathlon Mixed 2 x 6 kilometres and 2 x 7.5 kilometres Relay,Gold
116916,Emil Hegle Svendsen,M,28,185,77,Norway,NOR,2014 Winter,2014,Winter,Sochi,Biathlon,Biathlon Men's 15 kilometres Mass Start,Gold
117307,Shannon Lynn Szabados,F,27,175,65,Canada,CAN,2014 Winter,2014,Winter,Sochi,Ice Hockey,Ice Hockey Women's Ice Hockey,Gold
117573,Robin Szolkowy,M,34,174,72,Germany-1,GER,2014 Winter,2014,Winter,Sochi,Figure Skating,Figure Skating Mixed Pairs,Bronze
117655,Jan Marek Szymaski,M,24,180,77,Poland,POL,2014 Winter,2014,Winter,Sochi,Speed Skating,Speed Skating Men's Team Pursuit (8 laps),Bronze
118044,Taku Takeuchi,M,26,175,61,Japan,JPN,2014 Winter,2014,Winter,Sochi,Ski Jumping,Ski Jumping Men's Large Hill  Team,Bronze
118046,Tomoka Takeuchi,F,30,165,61,Japan,JPN,2014 Winter,2014,Winter,Sochi,Snowboarding,Snowboarding Women's Parallel Giant Slalom,Silver
118140,Per Henrik Tallinder,M,35,193,98,Sweden,SWE,2014 Winter,2014,Winter,Sochi,Ice Hockey,Ice Hockey Men's Ice Hockey,Silver
118800,John Tavares,M,23,183,90,Canada,CAN,2014 Winter,2014,Winter,Sochi,Ice Hockey,Ice Hockey Men's Ice Hockey,Gold
119148,Denis Yuryevich Ten,M,20,164,55,Kazakhstan,KAZ,2014 Winter,2014,Winter,Sochi,Figure Skating,Figure Skating Men's Singles,Bronze
119226,Jorien ter Mors,F,24,182,73,Netherlands,NED,2014 Winter,2014,Winter,Sochi,Speed Skating,Speed Skating Women's 1 500 metres,Gold
119226,Jorien ter Mors,F,24,182,73,Netherlands,NED,2014 Winter,2014,Winter,Sochi,Speed Skating,Speed Skating Women's Team Pursuit (6 laps),Gold
119485,Sandra Thalmann,F,21,163,68,Switzerland,SUI,2014 Winter,2014,Winter,Sochi,Ice Hockey,Ice Hockey Women's Ice Hockey,Bronze
119937,Marielle Thompson,F,21,178,70,Canada,CAN,2014 Winter,2014,Winter,Sochi,Freestyle Skiing,Freestyle Skiing Women's Ski Cross,Gold
120405,Kimmo Samuel Timonen,M,38,177,84,Finland,FIN,2014 Winter,2014,Winter,Sochi,Ice Hockey,Ice Hockey Men's Ice Hockey,Bronze
120492,Elza Truma (-Cauce),F,23,170,72,Latvia,LAT,2014 Winter,2014,Winter,Sochi,Luge,Luge Mixed Team Relay,Bronze
120709,Jonathan Bryan Toews,M,25,188,95,Canada,CAN,2014 Winter,2014,Winter,Sochi,Ice Hockey,Ice Hockey Men's Ice Hockey,Gold
120892,"Curtis ""Curt"" Tomasevicz",M,33,185,100,United States-1,USA,2014 Winter,2014,Winter,Sochi,Bobsleigh,Bobsleigh Men's Four,Bronze
121669,Maksim Leonidovich Trankov,M,30,187,77,Russia-1,RUS,2014 Winter,2014,Winter,Sochi,Figure Skating,Figure Skating Mixed Pairs,Gold
121669,Maksim Leonidovich Trankov,M,30,187,77,Russia,RUS,2014 Winter,2014,Winter,Sochi,Figure Skating,Figure Skating Mixed Team,Gold
121842,Chlo Ella Trespeuch,F,19,176,63,France,FRA,2014 Winter,2014,Winter,Sochi,Snowboarding,Snowboarding Women's Boardercross,Bronze
121855,Aleksandr Vladimirovich Tretyakov,M,28,186,84,Russia,RUS,2014 Winter,2014,Winter,Sochi,Skeleton,Skeleton Men's Skeleton,Gold
122124,Dmitry Vyacheslavovich Trunenkov,M,29,188,100,Russia-1,RUS,2014 Winter,2014,Winter,Sochi,Bobsleigh,Bobsleigh Men's Four,Gold
122408,Alla Petrovna Tsuper,F,34,153,53,Belarus,BLR,2014 Winter,2014,Winter,Sochi,Freestyle Skiing,Freestyle Skiing Women's Aerials,Gold
123616,Yevgeny Romanovich Ustyugov,M,28,168,60,Russia,RUS,2014 Winter,2014,Winter,Sochi,Biathlon,Biathlon Men's 4 x 7.5 kilometres Relay,Gold
123690,Ossi Reijo Juhani Vnnen,M,33,191,99,Finland,FIN,2014 Winter,2014,Winter,Sochi,Ice Hockey,Ice Hockey Men's Ice Hockey,Bronze
123865,Martina Valcepina,F,21,168,60,Italy,ITA,2014 Winter,2014,Winter,Sochi,Short Track Speed Skating,Short Track Speed Skating Women's 3 000 metres Relay,Bronze
124180,"Charlotte Willemijn ""Lotte"" van Beek",F,22,180,69,Netherlands,NED,2014 Winter,2014,Winter,Sochi,Speed Skating,Speed Skating Women's 1 500 metres,Bronze
124180,"Charlotte Willemijn ""Lotte"" van Beek",F,22,180,69,Netherlands,NED,2014 Winter,2014,Winter,Sochi,Speed Skating,Speed Skating Women's Team Pursuit (6 laps),Gold
125508,Sami Vatanen,M,22,177,79,Finland,FIN,2014 Winter,2014,Winter,Sochi,Ice Hockey,Ice Hockey Men's Ice Hockey,Bronze
125535,Pierre Vaultier,M,26,186,77,France,FRA,2014 Winter,2014,Winter,Sochi,Snowboarding,Snowboarding Men's Boardercross,Gold
126168,Koen Verweij,M,23,182,83,Netherlands,NED,2014 Winter,2014,Winter,Sochi,Speed Skating,Speed Skating Men's 1 500 metres,Silver
126168,Koen Verweij,M,23,182,83,Netherlands,NED,2014 Winter,2014,Winter,Sochi,Speed Skating,Speed Skating Men's Team Pursuit (8 laps),Gold
126240,"Jessica Ann ""Jessie"" Vetter",F,28,173,70,United States,USA,2014 Winter,2014,Winter,Sochi,Ice Hockey,Ice Hockey Women's Ice Hockey,Silver
126557,Sandro Viletta,M,28,177,77,Switzerland,SUI,2014 Winter,2014,Winter,Sochi,Alpine Skiing,Alpine Skiing Men's Combined,Gold
126577,Arvis Vilkaste,M,24,183,97,Latvia-1,LAT,2014 Winter,2014,Winter,Sochi,Bobsleigh,Bobsleigh Men's Four,Silver
126690,Olga Gennadyevna Vilukhina,F,25,172,65,Russia,RUS,2014 Winter,2014,Winter,Sochi,Biathlon,Biathlon Women's 7.5 kilometres Sprint,Silver
126690,Olga Gennadyevna Vilukhina,F,25,172,65,Russia,RUS,2014 Winter,2014,Winter,Sochi,Biathlon,Biathlon Women's 4 x 6 kilometres Relay,Silver
126799,Tessa Jane Virtue (-McCormick),F,24,165,53,Canada-1,CAN,2014 Winter,2014,Winter,Sochi,Figure Skating,Figure Skating Mixed Ice Dancing,Silver
126799,Tessa Jane Virtue (-McCormick),F,24,165,53,Canada,CAN,2014 Winter,2014,Winter,Sochi,Figure Skating,Figure Skating Mixed Team,Silver
126885,Veronika Vtkov,F,25,166,56,Czech Republic,CZE,2014 Winter,2014,Winter,Sochi,Biathlon,Biathlon Mixed 2 x 6 kilometres and 2 x 7.5 kilometres Relay,Silver
126932,Elena Viviani,F,21,164,62,Italy,ITA,2014 Winter,2014,Winter,Sochi,Short Track Speed Skating,Short Track Speed Skating Women's 3 000 metres Relay,Bronze
126976,Marc-douard Vlasic,M,26,185,93,Canada,CAN,2014 Winter,2014,Winter,Sochi,Ice Hockey,Ice Hockey Men's Ice Hockey,Gold
127078,Carina Vogt,F,22,171,62,Germany,GER,2014 Winter,2014,Winter,Sochi,Ski Jumping,Ski Jumping Women's Normal Hill  Individual,Gold
127185,Aleksey Anatolyevich Volkov,M,25,176,68,Russia,RUS,2014 Winter,2014,Winter,Sochi,Biathlon,Biathlon Men's 4 x 7.5 kilometres Relay,Gold
127236,Tetiana Andrivna Volosozhar,F,27,159,44,Russia-1,RUS,2014 Winter,2014,Winter,Sochi,Figure Skating,Figure Skating Mixed Pairs,Gold
127236,Tetiana Andrivna Volosozhar,F,27,159,44,Russia,RUS,2014 Winter,2014,Winter,Sochi,Figure Skating,Figure Skating Mixed Team,Gold
127579,Aleksey Ivanovich Voyevoda,M,33,195,105,Russia-1,RUS,2014 Winter,2014,Winter,Sochi,Bobsleigh,Bobsleigh Men's Two,Gold
127579,Aleksey Ivanovich Voyevoda,M,33,195,105,Russia-1,RUS,2014 Winter,2014,Winter,Sochi,Bobsleigh,Bobsleigh Men's Four,Gold
127754,Maksim Mikhaylovich Vylegzhanin,M,31,174,68,Russia,RUS,2014 Winter,2014,Winter,Sochi,Cross Country Skiing,Cross Country Skiing Men's 50 kilometres,Silver
127754,Maksim Mikhaylovich Vylegzhanin,M,31,174,68,Russia,RUS,2014 Winter,2014,Winter,Sochi,Cross Country Skiing,Cross Country Skiing Men's 4 x 10 kilometres Relay,Silver
127754,Maksim Mikhaylovich Vylegzhanin,M,31,174,68,Russia,RUS,2014 Winter,2014,Winter,Sochi,Cross Country Skiing,Cross Country Skiing Men's Team Sprint,Silver
127874,Ashley Elisabeth Wagner,F,22,160,52,United States,USA,2014 Winter,2014,Winter,Sochi,Figure Skating,Figure Skating Mixed Team,Bronze
127967,Nina Waidacher,F,21,170,65,Switzerland,SUI,2014 Winter,2014,Winter,Sochi,Ice Hockey,Ice Hockey Women's Ice Hockey,Bronze
128002,"Jennifer Dorothy June ""Jenn"" Wakefield",F,24,175,77,Canada,CAN,2014 Winter,2014,Winter,Sochi,Ice Hockey,Ice Hockey Women's Ice Hockey,Gold
128676,Andreas Wank,M,25,189,72,Germany,GER,2014 Winter,2014,Winter,Sochi,Ski Jumping,Ski Jumping Men's Large Hill  Team,Gold
128709,Catherine Ward,F,26,168,67,Canada,CAN,2014 Winter,2014,Winter,Sochi,Ice Hockey,Ice Hockey Women's Ice Hockey,Gold
128872,Akito Watabe,M,25,173,60,Japan,JPN,2014 Winter,2014,Winter,Sochi,Nordic Combined,Nordic Combined Men's Normal Hill / 10 km  Individual,Silver
128917,Tara Leigh-Anne Watchorn,F,23,178,76,Canada,CAN,2014 Winter,2014,Winter,Sochi,Ice Hockey,Ice Hockey Women's Ice Hockey,Gold
129157,Shea Michael Weber,M,28,193,104,Canada,CAN,2014 Winter,2014,Winter,Sochi,Ice Hockey,Ice Hockey Men's Ice Hockey,Gold
129302,Andrew Weibrecht,M,27,170,86,United States,USA,2014 Winter,2014,Winter,Sochi,Alpine Skiing,Alpine Skiing Men's Super G,Silver
129511,Andreas Wellinger,M,18,183,65,Germany,GER,2014 Winter,2014,Winter,Sochi,Ski Jumping,Ski Jumping Men's Large Hill  Team,Gold
129611,Tobias Wendl,M,26,184,88,Germany-1,GER,2014 Winter,2014,Winter,Sochi,Luge,Luge Mixed (Men)'s Doubles,Gold
129611,Tobias Wendl,M,26,184,88,Germany,GER,2014 Winter,2014,Winter,Sochi,Luge,Luge Mixed Team Relay,Gold
129619,Heidi Weng,F,22,163,NA,Norway,NOR,2014 Winter,2014,Winter,Sochi,Cross Country Skiing,Cross Country Skiing Women's 15 km Skiathlon,Bronze
129646,Anna Ulrika Maria Wennerstrm,F,28,167,NA,Sweden,SWE,2014 Winter,2014,Winter,Sochi,Curling,Curling Women's Curling,Silver
130032,"Charles Allen ""Charlie"" White  Jr.",M,26,175,73,United States-1,USA,2014 Winter,2014,Winter,Sochi,Figure Skating,Figure Skating Mixed Ice Dancing,Gold
130032,"Charles Allen ""Charlie"" White  Jr.",M,26,175,73,United States,USA,2014 Winter,2014,Winter,Sochi,Figure Skating,Figure Skating Mixed Team,Bronze
130148,Hayley Marie Wickenheiser,F,35,178,77,Canada,CAN,2014 Winter,2014,Winter,Sochi,Ice Hockey,Ice Hockey Women's Ice Hockey,Gold
130253,Dorothea Wierer,F,23,160,57,Italy,ITA,2014 Winter,2014,Winter,Sochi,Biathlon,Biathlon Mixed 2 x 6 kilometres and 2 x 7.5 kilometres Relay,Bronze
130357,Emma Christina Wikn,F,24,167,60,Sweden,SWE,2014 Winter,2014,Winter,Sochi,Cross Country Skiing,Cross Country Skiing Women's 4 x 5 kilometres Relay,Gold
130402,"Victor Ivan ""Vic"" Wild",M,27,179,82,Russia,RUS,2014 Winter,2014,Winter,Sochi,Snowboarding,Snowboarding Men's Parallel Giant Slalom,Gold
130402,"Victor Ivan ""Vic"" Wild",M,27,179,82,Russia,RUS,2014 Winter,2014,Winter,Sochi,Snowboarding,Snowboarding Men's Parallel Slalom,Gold
130626,Lauryn Chenet Williams,F,30,160,67,United States-1,USA,2014 Winter,2014,Winter,Sochi,Bobsleigh,Bobsleigh Women's Two,Silver
130959,Dominik Windisch,M,24,180,70,Italy,ITA,2014 Winter,2014,Winter,Sochi,Biathlon,Biathlon Mixed 2 x 6 kilometres and 2 x 7.5 kilometres Relay,Bronze
131113,David Wise,M,23,183,84,United States,USA,2014 Winter,2014,Winter,Sochi,Freestyle Skiing,Freestyle Skiing Men's Halfpipe,Gold
131240,Katarzyna Wjcicka-Bachleda-Curu (-Trzebunia),F,34,170,62,Poland,POL,2014 Winter,2014,Winter,Sochi,Speed Skating,Speed Skating Women's Team Pursuit (6 laps),Silver
131657,Katarzyna Bronisawa Woniak,F,24,173,61,Poland,POL,2014 Winter,2014,Winter,Sochi,Speed Skating,Speed Skating Women's Team Pursuit (6 laps),Silver
131777,Wu Dajing,M,19,182,73,China,CHN,2014 Winter,2014,Winter,Sochi,Short Track Speed Skating,Short Track Speed Skating Men's 500 metres,Silver
131777,Wu Dajing,M,19,182,73,China,CHN,2014 Winter,2014,Winter,Sochi,Short Track Speed Skating,Short Track Speed Skating Men's 5 000 metres Relay,Bronze
131897,"Irene Karlijn ""Ireen"" Wst",F,27,168,65,Netherlands,NED,2014 Winter,2014,Winter,Sochi,Speed Skating,Speed Skating Women's 1 000 metres,Silver
131897,"Irene Karlijn ""Ireen"" Wst",F,27,168,65,Netherlands,NED,2014 Winter,2014,Winter,Sochi,Speed Skating,Speed Skating Women's 1 500 metres,Silver
131897,"Irene Karlijn ""Ireen"" Wst",F,27,168,65,Netherlands,NED,2014 Winter,2014,Winter,Sochi,Speed Skating,Speed Skating Women's 3 000 metres,Gold
131897,"Irene Karlijn ""Ireen"" Wst",F,27,168,65,Netherlands,NED,2014 Winter,2014,Winter,Sochi,Speed Skating,Speed Skating Women's 5 000 metres,Silver
131897,"Irene Karlijn ""Ireen"" Wst",F,27,168,65,Netherlands,NED,2014 Winter,2014,Winter,Sochi,Speed Skating,Speed Skating Women's Team Pursuit (6 laps),Gold
132076,Xu Mengtao,F,23,165,59,China,CHN,2014 Winter,2014,Winter,Sochi,Freestyle Skiing,Freestyle Skiing Women's Aerials,Silver
132638,Dmitry Semyonovich Yaparov,M,28,186,86,Russia,RUS,2014 Winter,2014,Winter,Sochi,Cross Country Skiing,Cross Country Skiing Men's 4 x 10 kilometres Relay,Silver
132652,"Elizabeth Anne ""Lizzy"" Yarnold",F,25,172,78,Great Britain,GBR,2014 Winter,2014,Winter,Sochi,Skeleton,Skeleton Women's Skeleton,Gold
132818,Semyon Andreyevich Yelistratov,M,23,175,70,Russia,RUS,2014 Winter,2014,Winter,Sochi,Short Track Speed Skating,Short Track Speed Skating Men's 5 000 metres Relay,Gold
133782,Ruslan Albertovich Zakharov,M,26,173,72,Russia,RUS,2014 Winter,2014,Winter,Sochi,Short Track Speed Skating,Short Track Speed Skating Men's 5 000 metres Relay,Gold
134105,Alyona Igorevna Zavarzina,F,24,175,60,Russia,RUS,2014 Winter,2014,Winter,Sochi,Snowboarding,Snowboarding Women's Parallel Giant Slalom,Bronze
134154,Olga Alekseyevna Zaytseva (-Augustin),F,35,168,66,Russia,RUS,2014 Winter,2014,Winter,Sochi,Biathlon,Biathlon Women's 4 x 6 kilometres Relay,Silver
134389,Kathrin Zettel,F,27,167,61,Austria,AUT,2014 Winter,2014,Winter,Sochi,Alpine Skiing,Alpine Skiing Women's Slalom,Bronze
134391,Carl Henrik Zetterberg,M,33,183,86,Sweden,SWE,2014 Winter,2014,Winter,Sochi,Ice Hockey,Ice Hockey Men's Ice Hockey,Silver
134463,Zhang Hong,F,25,174,65,China,CHN,2014 Winter,2014,Winter,Sochi,Speed Skating,Speed Skating Women's 1 000 metres,Gold
134824,Zhou Yang,F,22,165,62,China,CHN,2014 Winter,2014,Winter,Sochi,Short Track Speed Skating,Short Track Speed Skating Women's 1 500 metres,Gold
135163,Luiza Zotkowska,F,27,160,52,Poland,POL,2014 Winter,2014,Winter,Sochi,Speed Skating,Speed Skating Women's Team Pursuit (6 laps),Silver
135196,Armin Zggeler,M,40,181,88,Italy,ITA,2014 Winter,2014,Winter,Sochi,Luge,Luge Men's Singles,Bronze
135343,Aleksandr Yuryevich Zubkov,M,39,189,102,Russia-1,RUS,2014 Winter,2014,Winter,Sochi,Bobsleigh,Bobsleigh Men's Two,Gold
135343,Aleksandr Yuryevich Zubkov,M,39,189,102,Russia-1,RUS,2014 Winter,2014,Winter,Sochi,Bobsleigh,Bobsleigh Men's Four,Gold
